2026-01-27T01:35:04.083+09:00  WARN 9824 --- [HikariPool-1 housekeeper] com.zaxxer.hikari.pool.HikariPool        : HikariPool-1 - Thread starvation or clock leap detected (housekeeper delta=2h15m39s8ms599µs900ns).
2026-01-27T01:35:09.105+09:00  INFO 9824 --- [scheduling-1] c.p.f.c.c.HibernateStatisticsConfig      : === Hibernate 통계 정보 ===
2026-01-27T01:35:09.105+09:00  INFO 9824 --- [scheduling-1] c.p.f.c.c.HibernateStatisticsConfig      : 총 쿼리 실행 횟수: 603
2026-01-27T01:35:09.105+09:00  INFO 9824 --- [scheduling-1] c.p.f.c.c.HibernateStatisticsConfig      : 총 쿼리 실행 시간: 83ms
2026-01-27T01:35:09.105+09:00  INFO 9824 --- [scheduling-1] c.p.f.c.c.HibernateStatisticsConfig      : 평균 쿼리 실행 시간: 0ms
2026-01-27T01:35:09.105+09:00  INFO 9824 --- [scheduling-1] c.p.f.c.c.HibernateStatisticsConfig      : 총 엔티티 로드 횟수: 4437
2026-01-27T01:35:09.105+09:00  INFO 9824 --- [scheduling-1] c.p.f.c.c.HibernateStatisticsConfig      : 총 엔티티 페치 횟수: 400
2026-01-27T01:35:09.105+09:00  INFO 9824 --- [scheduling-1] c.p.f.c.c.HibernateStatisticsConfig      : 총 컬렉션 로드 횟수: 550
2026-01-27T01:35:09.105+09:00  INFO 9824 --- [scheduling-1] c.p.f.c.c.HibernateStatisticsConfig      : 총 컬렉션 페치 횟수: 550
2026-01-27T01:35:09.105+09:00  INFO 9824 --- [scheduling-1] c.p.f.c.c.HibernateStatisticsConfig      : 총 세션 열기 횟수: 1578
2026-01-27T01:35:09.105+09:00  INFO 9824 --- [scheduling-1] c.p.f.c.c.HibernateStatisticsConfig      : 총 세션 닫기 횟수: 1578
2026-01-27T01:35:09.105+09:00  INFO 9824 --- [scheduling-1] c.p.f.c.c.HibernateStatisticsConfig      : 총 트랜잭션 횟수: 867
2026-01-27T01:35:09.105+09:00  INFO 9824 --- [scheduling-1] c.p.f.c.c.HibernateStatisticsConfig      : 총 성공한 트랜잭션 횟수: 339
2026-01-27T01:35:09.105+09:00  INFO 9824 --- [scheduling-1] c.p.f.c.c.HibernateStatisticsConfig      : 연결 횟수: 1417
2026-01-27T01:35:09.105+09:00  INFO 9824 --- [scheduling-1] c.p.f.c.c.HibernateStatisticsConfig      : 준비된 문장 캐시 히트: 1099
2026-01-27T01:35:09.105+09:00  INFO 9824 --- [scheduling-1] c.p.f.c.c.HibernateStatisticsConfig      : 준비된 문장 캐시 미스: 39
2026-01-27T01:35:09.105+09:00  INFO 9824 --- [scheduling-1] c.p.f.c.c.HibernateStatisticsConfig      : 실행된 고유 쿼리 수: 42
2026-01-27T01:35:09.105+09:00  INFO 9824 --- [scheduling-1] c.p.f.c.c.HibernateStatisticsConfig      : ========================
2026-01-27T01:35:09.154+09:00 ERROR 9824 --- [scheduling-1] c.p.f.common.config.ChatLogScheduler     : Job 실행 중 오류 발생 for userId 9: PreparedStatementCallback; bad SQL grammar [SELECT JOB_INSTANCE_ID, JOB_NAME
FROM BATCH_JOB_INSTANCE
WHERE JOB_NAME = ?
 and JOB_KEY = ?]
2026-01-27T01:35:09.157+09:00 ERROR 9824 --- [scheduling-1] c.p.f.common.config.ChatLogScheduler     : Job 실행 중 오류 발생 for userId 10: PreparedStatementCallback; bad SQL grammar [SELECT JOB_INSTANCE_ID, JOB_NAME
FROM BATCH_JOB_INSTANCE
WHERE JOB_NAME = ?
 and JOB_KEY = ?]
2026-01-27T01:35:09.202+09:00 ERROR 9824 --- [scheduling-1] c.p.f.common.config.ChatLogScheduler     : Job 실행 중 오류 발생 for userId 11: PreparedStatementCallback; bad SQL grammar [SELECT JOB_INSTANCE_ID, JOB_NAME
FROM BATCH_JOB_INSTANCE
WHERE JOB_NAME = ?
 and JOB_KEY = ?]
2026-01-27T01:35:09.207+09:00 ERROR 9824 --- [scheduling-1] c.p.f.common.config.ChatLogScheduler     : Job 실행 중 오류 발생 for userId 12: PreparedStatementCallback; bad SQL grammar [SELECT JOB_INSTANCE_ID, JOB_NAME
FROM BATCH_JOB_INSTANCE
WHERE JOB_NAME = ?
 and JOB_KEY = ?]
2026-01-27T01:35:09.212+09:00 ERROR 9824 --- [scheduling-1] c.p.f.common.config.ChatLogScheduler     : Job 실행 중 오류 발생 for userId 13: PreparedStatementCallback; bad SQL grammar [SELECT JOB_INSTANCE_ID, JOB_NAME
FROM BATCH_JOB_INSTANCE
WHERE JOB_NAME = ?
 and JOB_KEY = ?]
2026-01-27T01:35:09.218+09:00 ERROR 9824 --- [scheduling-1] c.p.f.common.config.ChatLogScheduler     : Job 실행 중 오류 발생 for userId 14: PreparedStatementCallback; bad SQL grammar [SELECT JOB_INSTANCE_ID, JOB_NAME
FROM BATCH_JOB_INSTANCE
WHERE JOB_NAME = ?
 and JOB_KEY = ?]
2026-01-27T01:35:09.225+09:00 ERROR 9824 --- [scheduling-1] c.p.f.common.config.ChatLogScheduler     : Job 실행 중 오류 발생 for userId 15: PreparedStatementCallback; bad SQL grammar [SELECT JOB_INSTANCE_ID, JOB_NAME
FROM BATCH_JOB_INSTANCE
WHERE JOB_NAME = ?
 and JOB_KEY = ?]
2026-01-27T01:35:09.229+09:00 ERROR 9824 --- [scheduling-1] c.p.f.common.config.ChatLogScheduler     : Job 실행 중 오류 발생 for userId 16: PreparedStatementCallback; bad SQL grammar [SELECT JOB_INSTANCE_ID, JOB_NAME
FROM BATCH_JOB_INSTANCE
WHERE JOB_NAME = ?
 and JOB_KEY = ?]
2026-01-27T01:35:09.234+09:00 ERROR 9824 --- [scheduling-1] c.p.f.common.config.ChatLogScheduler     : Job 실행 중 오류 발생 for userId 17: PreparedStatementCallback; bad SQL grammar [SELECT JOB_INSTANCE_ID, JOB_NAME
FROM BATCH_JOB_INSTANCE
WHERE JOB_NAME = ?
 and JOB_KEY = ?]
2026-01-27T01:35:09.238+09:00 ERROR 9824 --- [scheduling-1] c.p.f.common.config.ChatLogScheduler     : Job 실행 중 오류 발생 for userId 18: PreparedStatementCallback; bad SQL grammar [SELECT JOB_INSTANCE_ID, JOB_NAME
FROM BATCH_JOB_INSTANCE
WHERE JOB_NAME = ?
 and JOB_KEY = ?]
2026-01-27T01:35:09.248+09:00 ERROR 9824 --- [scheduling-1] c.p.f.common.config.ChatLogScheduler     : Job 실행 중 오류 발생 for userId 19: PreparedStatementCallback; bad SQL grammar [SELECT JOB_INSTANCE_ID, JOB_NAME
FROM BATCH_JOB_INSTANCE
WHERE JOB_NAME = ?
 and JOB_KEY = ?]
2026-01-27T01:35:09.248+09:00  INFO 9824 --- [scheduling-1] c.p.f.c.c.HibernateStatisticsConfig      : === Hibernate 통계 정보 ===
2026-01-27T01:35:09.248+09:00  INFO 9824 --- [scheduling-1] c.p.f.c.c.HibernateStatisticsConfig      : 총 쿼리 실행 횟수: 615
2026-01-27T01:35:09.248+09:00  INFO 9824 --- [scheduling-1] c.p.f.c.c.HibernateStatisticsConfig      : 총 쿼리 실행 시간: 83ms
2026-01-27T01:35:09.248+09:00  INFO 9824 --- [scheduling-1] c.p.f.c.c.HibernateStatisticsConfig      : 평균 쿼리 실행 시간: 0ms
2026-01-27T01:35:09.248+09:00  INFO 9824 --- [scheduling-1] c.p.f.c.c.HibernateStatisticsConfig      : 총 엔티티 로드 횟수: 4459
2026-01-27T01:35:09.248+09:00  INFO 9824 --- [scheduling-1] c.p.f.c.c.HibernateStatisticsConfig      : 총 엔티티 페치 횟수: 408
2026-01-27T01:35:09.248+09:00  INFO 9824 --- [scheduling-1] c.p.f.c.c.HibernateStatisticsConfig      : 총 컬렉션 로드 횟수: 561
2026-01-27T01:35:09.248+09:00  INFO 9824 --- [scheduling-1] c.p.f.c.c.HibernateStatisticsConfig      : 총 컬렉션 페치 횟수: 561
2026-01-27T01:35:09.248+09:00  INFO 9824 --- [scheduling-1] c.p.f.c.c.HibernateStatisticsConfig      : 총 세션 열기 횟수: 1601
2026-01-27T01:35:09.248+09:00  INFO 9824 --- [scheduling-1] c.p.f.c.c.HibernateStatisticsConfig      : 총 세션 닫기 횟수: 1601
2026-01-27T01:35:09.248+09:00  INFO 9824 --- [scheduling-1] c.p.f.c.c.HibernateStatisticsConfig      : 총 트랜잭션 횟수: 879
2026-01-27T01:35:09.248+09:00  INFO 9824 --- [scheduling-1] c.p.f.c.c.HibernateStatisticsConfig      : 총 성공한 트랜잭션 횟수: 340
2026-01-27T01:35:09.248+09:00  INFO 9824 --- [scheduling-1] c.p.f.c.c.HibernateStatisticsConfig      : 연결 횟수: 1440
2026-01-27T01:35:09.248+09:00  INFO 9824 --- [scheduling-1] c.p.f.c.c.HibernateStatisticsConfig      : 준비된 문장 캐시 히트: 1121
2026-01-27T01:35:09.248+09:00  INFO 9824 --- [scheduling-1] c.p.f.c.c.HibernateStatisticsConfig      : 준비된 문장 캐시 미스: 39
2026-01-27T01:35:09.248+09:00  INFO 9824 --- [scheduling-1] c.p.f.c.c.HibernateStatisticsConfig      : 실행된 고유 쿼리 수: 42
2026-01-27T01:35:09.248+09:00  INFO 9824 --- [scheduling-1] c.p.f.c.c.HibernateStatisticsConfig      : ========================
2026-01-27T01:35:09.248+09:00  INFO 9824 --- [scheduling-1] c.p.f.c.c.HibernateStatisticsConfig      : === Hibernate 통계 정보 ===
2026-01-27T01:35:09.254+09:00  INFO 9824 --- [scheduling-1] c.p.f.c.c.HibernateStatisticsConfig      : 총 쿼리 실행 횟수: 615
2026-01-27T01:35:09.254+09:00  INFO 9824 --- [scheduling-1] c.p.f.c.c.HibernateStatisticsConfig      : 총 쿼리 실행 시간: 83ms
2026-01-27T01:35:09.254+09:00  INFO 9824 --- [scheduling-1] c.p.f.c.c.HibernateStatisticsConfig      : 평균 쿼리 실행 시간: 0ms
2026-01-27T01:35:09.254+09:00  INFO 9824 --- [scheduling-1] c.p.f.c.c.HibernateStatisticsConfig      : 총 엔티티 로드 횟수: 4459
2026-01-27T01:35:09.254+09:00  INFO 9824 --- [scheduling-1] c.p.f.c.c.HibernateStatisticsConfig      : 총 엔티티 페치 횟수: 408
2026-01-27T01:35:09.254+09:00  INFO 9824 --- [scheduling-1] c.p.f.c.c.HibernateStatisticsConfig      : 총 컬렉션 로드 횟수: 561
2026-01-27T01:35:09.254+09:00  INFO 9824 --- [scheduling-1] c.p.f.c.c.HibernateStatisticsConfig      : 총 컬렉션 페치 횟수: 561
2026-01-27T01:35:09.254+09:00  INFO 9824 --- [scheduling-1] c.p.f.c.c.HibernateStatisticsConfig      : 총 세션 열기 횟수: 1601
2026-01-27T01:35:09.254+09:00  INFO 9824 --- [scheduling-1] c.p.f.c.c.HibernateStatisticsConfig      : 총 세션 닫기 횟수: 1601
2026-01-27T01:35:09.254+09:00  INFO 9824 --- [scheduling-1] c.p.f.c.c.HibernateStatisticsConfig      : 총 트랜잭션 횟수: 879
2026-01-27T01:35:09.254+09:00  INFO 9824 --- [scheduling-1] c.p.f.c.c.HibernateStatisticsConfig      : 총 성공한 트랜잭션 횟수: 340
2026-01-27T01:35:09.254+09:00  INFO 9824 --- [scheduling-1] c.p.f.c.c.HibernateStatisticsConfig      : 연결 횟수: 1440
2026-01-27T01:35:09.254+09:00  INFO 9824 --- [scheduling-1] c.p.f.c.c.HibernateStatisticsConfig      : 준비된 문장 캐시 히트: 1121
2026-01-27T01:35:09.254+09:00  INFO 9824 --- [scheduling-1] c.p.f.c.c.HibernateStatisticsConfig      : 준비된 문장 캐시 미스: 39
2026-01-27T01:35:09.254+09:00  INFO 9824 --- [scheduling-1] c.p.f.c.c.HibernateStatisticsConfig      : 실행된 고유 쿼리 수: 42
2026-01-27T01:35:09.254+09:00  INFO 9824 --- [scheduling-1] c.p.f.c.c.HibernateStatisticsConfig      : ========================
2026-01-27T01:35:09.256+09:00  INFO 9824 --- [scheduling-1] c.p.f.c.c.HibernateStatisticsConfig      : === Hibernate 통계 정보 ===
2026-01-27T01:35:09.256+09:00  INFO 9824 --- [scheduling-1] c.p.f.c.c.HibernateStatisticsConfig      : 총 쿼리 실행 횟수: 615
2026-01-27T01:35:09.256+09:00  INFO 9824 --- [scheduling-1] c.p.f.c.c.HibernateStatisticsConfig      : 총 쿼리 실행 시간: 83ms
2026-01-27T01:35:09.256+09:00  INFO 9824 --- [scheduling-1] c.p.f.c.c.HibernateStatisticsConfig      : 평균 쿼리 실행 시간: 0ms
2026-01-27T01:35:09.256+09:00  INFO 9824 --- [scheduling-1] c.p.f.c.c.HibernateStatisticsConfig      : 총 엔티티 로드 횟수: 4459
2026-01-27T01:35:09.256+09:00  INFO 9824 --- [scheduling-1] c.p.f.c.c.HibernateStatisticsConfig      : 총 엔티티 페치 횟수: 408
2026-01-27T01:35:09.256+09:00  INFO 9824 --- [scheduling-1] c.p.f.c.c.HibernateStatisticsConfig      : 총 컬렉션 로드 횟수: 561
2026-01-27T01:35:09.256+09:00  INFO 9824 --- [scheduling-1] c.p.f.c.c.HibernateStatisticsConfig      : 총 컬렉션 페치 횟수: 561
2026-01-27T01:35:09.256+09:00  INFO 9824 --- [scheduling-1] c.p.f.c.c.HibernateStatisticsConfig      : 총 세션 열기 횟수: 1601
2026-01-27T01:35:09.256+09:00  INFO 9824 --- [scheduling-1] c.p.f.c.c.HibernateStatisticsConfig      : 총 세션 닫기 횟수: 1601
2026-01-27T01:35:09.256+09:00  INFO 9824 --- [scheduling-1] c.p.f.c.c.HibernateStatisticsConfig      : 총 트랜잭션 횟수: 879
2026-01-27T01:35:09.256+09:00  INFO 9824 --- [scheduling-1] c.p.f.c.c.HibernateStatisticsConfig      : 총 성공한 트랜잭션 횟수: 340
2026-01-27T01:35:09.256+09:00  INFO 9824 --- [scheduling-1] c.p.f.c.c.HibernateStatisticsConfig      : 연결 횟수: 1440
2026-01-27T01:35:09.256+09:00  INFO 9824 --- [scheduling-1] c.p.f.c.c.HibernateStatisticsConfig      : 준비된 문장 캐시 히트: 1121
2026-01-27T01:35:09.256+09:00  INFO 9824 --- [scheduling-1] c.p.f.c.c.HibernateStatisticsConfig      : 준비된 문장 캐시 미스: 39
2026-01-27T01:35:09.256+09:00  INFO 9824 --- [scheduling-1] c.p.f.c.c.HibernateStatisticsConfig      : 실행된 고유 쿼리 수: 42
2026-01-27T01:35:09.256+09:00  INFO 9824 --- [scheduling-1] c.p.f.c.c.HibernateStatisticsConfig      : ========================
2026-01-27T01:35:09.256+09:00  INFO 9824 --- [scheduling-1] c.p.f.c.c.HibernateStatisticsConfig      : === Hibernate 통계 정보 ===
2026-01-27T01:35:09.256+09:00  INFO 9824 --- [scheduling-1] c.p.f.c.c.HibernateStatisticsConfig      : 총 쿼리 실행 횟수: 615
2026-01-27T01:35:09.256+09:00  INFO 9824 --- [scheduling-1] c.p.f.c.c.HibernateStatisticsConfig      : 총 쿼리 실행 시간: 83ms
2026-01-27T01:35:09.256+09:00  INFO 9824 --- [scheduling-1] c.p.f.c.c.HibernateStatisticsConfig      : 평균 쿼리 실행 시간: 0ms
2026-01-27T01:35:09.256+09:00  INFO 9824 --- [scheduling-1] c.p.f.c.c.HibernateStatisticsConfig      : 총 엔티티 로드 횟수: 4459
2026-01-27T01:35:09.256+09:00  INFO 9824 --- [scheduling-1] c.p.f.c.c.HibernateStatisticsConfig      : 총 엔티티 페치 횟수: 408
2026-01-27T01:35:09.256+09:00  INFO 9824 --- [scheduling-1] c.p.f.c.c.HibernateStatisticsConfig      : 총 컬렉션 로드 횟수: 561
2026-01-27T01:35:09.256+09:00  INFO 9824 --- [scheduling-1] c.p.f.c.c.HibernateStatisticsConfig      : 총 컬렉션 페치 횟수: 561
2026-01-27T01:35:09.256+09:00  INFO 9824 --- [scheduling-1] c.p.f.c.c.HibernateStatisticsConfig      : 총 세션 열기 횟수: 1601
2026-01-27T01:35:09.256+09:00  INFO 9824 --- [scheduling-1] c.p.f.c.c.HibernateStatisticsConfig      : 총 세션 닫기 횟수: 1601
2026-01-27T01:35:09.256+09:00  INFO 9824 --- [scheduling-1] c.p.f.c.c.HibernateStatisticsConfig      : 총 트랜잭션 횟수: 879
2026-01-27T01:35:09.256+09:00  INFO 9824 --- [scheduling-1] c.p.f.c.c.HibernateStatisticsConfig      : 총 성공한 트랜잭션 횟수: 340
2026-01-27T01:35:09.256+09:00  INFO 9824 --- [scheduling-1] c.p.f.c.c.HibernateStatisticsConfig      : 연결 횟수: 1440
2026-01-27T01:35:09.256+09:00  INFO 9824 --- [scheduling-1] c.p.f.c.c.HibernateStatisticsConfig      : 준비된 문장 캐시 히트: 1121
2026-01-27T01:35:09.256+09:00  INFO 9824 --- [scheduling-1] c.p.f.c.c.HibernateStatisticsConfig      : 준비된 문장 캐시 미스: 39
2026-01-27T01:35:09.256+09:00  INFO 9824 --- [scheduling-1] c.p.f.c.c.HibernateStatisticsConfig      : 실행된 고유 쿼리 수: 42
2026-01-27T01:35:09.256+09:00  INFO 9824 --- [scheduling-1] c.p.f.c.c.HibernateStatisticsConfig      : ========================
2026-01-27T01:35:09.262+09:00  INFO 9824 --- [scheduling-1] c.p.f.c.c.HibernateStatisticsConfig      : === Hibernate 통계 정보 ===
2026-01-27T01:35:09.262+09:00  INFO 9824 --- [scheduling-1] c.p.f.c.c.HibernateStatisticsConfig      : 총 쿼리 실행 횟수: 615
2026-01-27T01:35:09.262+09:00  INFO 9824 --- [scheduling-1] c.p.f.c.c.HibernateStatisticsConfig      : 총 쿼리 실행 시간: 83ms
2026-01-27T01:35:09.262+09:00  INFO 9824 --- [scheduling-1] c.p.f.c.c.HibernateStatisticsConfig      : 평균 쿼리 실행 시간: 0ms
2026-01-27T01:35:09.262+09:00  INFO 9824 --- [scheduling-1] c.p.f.c.c.HibernateStatisticsConfig      : 총 엔티티 로드 횟수: 4459
2026-01-27T01:35:09.262+09:00  INFO 9824 --- [scheduling-1] c.p.f.c.c.HibernateStatisticsConfig      : 총 엔티티 페치 횟수: 408
2026-01-27T01:35:09.262+09:00  INFO 9824 --- [scheduling-1] c.p.f.c.c.HibernateStatisticsConfig      : 총 컬렉션 로드 횟수: 561
2026-01-27T01:35:09.262+09:00  INFO 9824 --- [scheduling-1] c.p.f.c.c.HibernateStatisticsConfig      : 총 컬렉션 페치 횟수: 561
2026-01-27T01:35:09.262+09:00  INFO 9824 --- [scheduling-1] c.p.f.c.c.HibernateStatisticsConfig      : 총 세션 열기 횟수: 1601
2026-01-27T01:35:09.262+09:00  INFO 9824 --- [scheduling-1] c.p.f.c.c.HibernateStatisticsConfig      : 총 세션 닫기 횟수: 1601
2026-01-27T01:35:09.264+09:00  INFO 9824 --- [scheduling-1] c.p.f.c.c.HibernateStatisticsConfig      : 총 트랜잭션 횟수: 879
2026-01-27T01:35:09.264+09:00  INFO 9824 --- [scheduling-1] c.p.f.c.c.HibernateStatisticsConfig      : 총 성공한 트랜잭션 횟수: 340
2026-01-27T01:35:09.264+09:00  INFO 9824 --- [scheduling-1] c.p.f.c.c.HibernateStatisticsConfig      : 연결 횟수: 1440
2026-01-27T01:35:09.265+09:00  INFO 9824 --- [scheduling-1] c.p.f.c.c.HibernateStatisticsConfig      : 준비된 문장 캐시 히트: 1121
2026-01-27T01:35:09.265+09:00  INFO 9824 --- [scheduling-1] c.p.f.c.c.HibernateStatisticsConfig      : 준비된 문장 캐시 미스: 39
2026-01-27T01:35:09.265+09:00  INFO 9824 --- [scheduling-1] c.p.f.c.c.HibernateStatisticsConfig      : 실행된 고유 쿼리 수: 42
2026-01-27T01:35:09.265+09:00  INFO 9824 --- [scheduling-1] c.p.f.c.c.HibernateStatisticsConfig      : ========================
2026-01-27T01:35:09.267+09:00  INFO 9824 --- [scheduling-1] c.p.f.c.c.HibernateStatisticsConfig      : === Hibernate 통계 정보 ===
2026-01-27T01:35:09.267+09:00  INFO 9824 --- [scheduling-1] c.p.f.c.c.HibernateStatisticsConfig      : 총 쿼리 실행 횟수: 615
2026-01-27T01:35:09.267+09:00  INFO 9824 --- [scheduling-1] c.p.f.c.c.HibernateStatisticsConfig      : 총 쿼리 실행 시간: 83ms
2026-01-27T01:35:09.267+09:00  INFO 9824 --- [scheduling-1] c.p.f.c.c.HibernateStatisticsConfig      : 평균 쿼리 실행 시간: 0ms
2026-01-27T01:35:09.267+09:00  INFO 9824 --- [scheduling-1] c.p.f.c.c.HibernateStatisticsConfig      : 총 엔티티 로드 횟수: 4459
2026-01-27T01:35:09.267+09:00  INFO 9824 --- [scheduling-1] c.p.f.c.c.HibernateStatisticsConfig      : 총 엔티티 페치 횟수: 408
2026-01-27T01:35:09.267+09:00  INFO 9824 --- [scheduling-1] c.p.f.c.c.HibernateStatisticsConfig      : 총 컬렉션 로드 횟수: 561
2026-01-27T01:35:09.267+09:00  INFO 9824 --- [scheduling-1] c.p.f.c.c.HibernateStatisticsConfig      : 총 컬렉션 페치 횟수: 561
2026-01-27T01:35:09.267+09:00  INFO 9824 --- [scheduling-1] c.p.f.c.c.HibernateStatisticsConfig      : 총 세션 열기 횟수: 1601
2026-01-27T01:35:09.267+09:00  INFO 9824 --- [scheduling-1] c.p.f.c.c.HibernateStatisticsConfig      : 총 세션 닫기 횟수: 1601
2026-01-27T01:35:09.267+09:00  INFO 9824 --- [scheduling-1] c.p.f.c.c.HibernateStatisticsConfig      : 총 트랜잭션 횟수: 879
2026-01-27T01:35:09.267+09:00  INFO 9824 --- [scheduling-1] c.p.f.c.c.HibernateStatisticsConfig      : 총 성공한 트랜잭션 횟수: 340
2026-01-27T01:35:09.267+09:00  INFO 9824 --- [scheduling-1] c.p.f.c.c.HibernateStatisticsConfig      : 연결 횟수: 1440
2026-01-27T01:35:09.267+09:00  INFO 9824 --- [scheduling-1] c.p.f.c.c.HibernateStatisticsConfig      : 준비된 문장 캐시 히트: 1121
2026-01-27T01:35:09.267+09:00  INFO 9824 --- [scheduling-1] c.p.f.c.c.HibernateStatisticsConfig      : 준비된 문장 캐시 미스: 39
2026-01-27T01:35:09.270+09:00  INFO 9824 --- [scheduling-1] c.p.f.c.c.HibernateStatisticsConfig      : 실행된 고유 쿼리 수: 42
2026-01-27T01:35:09.270+09:00  INFO 9824 --- [scheduling-1] c.p.f.c.c.HibernateStatisticsConfig      : ========================
2026-01-27T01:35:09.270+09:00  INFO 9824 --- [scheduling-1] c.p.f.c.c.HibernateStatisticsConfig      : === Hibernate 통계 정보 ===
2026-01-27T01:35:09.270+09:00  INFO 9824 --- [scheduling-1] c.p.f.c.c.HibernateStatisticsConfig      : 총 쿼리 실행 횟수: 615
2026-01-27T01:35:09.270+09:00  INFO 9824 --- [scheduling-1] c.p.f.c.c.HibernateStatisticsConfig      : 총 쿼리 실행 시간: 83ms
2026-01-27T01:35:09.270+09:00  INFO 9824 --- [scheduling-1] c.p.f.c.c.HibernateStatisticsConfig      : 평균 쿼리 실행 시간: 0ms
2026-01-27T01:35:09.270+09:00  INFO 9824 --- [scheduling-1] c.p.f.c.c.HibernateStatisticsConfig      : 총 엔티티 로드 횟수: 4459
2026-01-27T01:35:09.270+09:00  INFO 9824 --- [scheduling-1] c.p.f.c.c.HibernateStatisticsConfig      : 총 엔티티 페치 횟수: 408
2026-01-27T01:35:09.273+09:00  INFO 9824 --- [scheduling-1] c.p.f.c.c.HibernateStatisticsConfig      : 총 컬렉션 로드 횟수: 561
2026-01-27T01:35:09.273+09:00  INFO 9824 --- [scheduling-1] c.p.f.c.c.HibernateStatisticsConfig      : 총 컬렉션 페치 횟수: 561
2026-01-27T01:35:09.273+09:00  INFO 9824 --- [scheduling-1] c.p.f.c.c.HibernateStatisticsConfig      : 총 세션 열기 횟수: 1601
2026-01-27T01:35:09.273+09:00  INFO 9824 --- [scheduling-1] c.p.f.c.c.HibernateStatisticsConfig      : 총 세션 닫기 횟수: 1601
2026-01-27T01:35:09.274+09:00  INFO 9824 --- [scheduling-1] c.p.f.c.c.HibernateStatisticsConfig      : 총 트랜잭션 횟수: 879
2026-01-27T01:35:09.274+09:00  INFO 9824 --- [scheduling-1] c.p.f.c.c.HibernateStatisticsConfig      : 총 성공한 트랜잭션 횟수: 340
2026-01-27T01:35:09.274+09:00  INFO 9824 --- [scheduling-1] c.p.f.c.c.HibernateStatisticsConfig      : 연결 횟수: 1440
2026-01-27T01:35:09.274+09:00  INFO 9824 --- [scheduling-1] c.p.f.c.c.HibernateStatisticsConfig      : 준비된 문장 캐시 히트: 1121
2026-01-27T01:35:09.274+09:00  INFO 9824 --- [scheduling-1] c.p.f.c.c.HibernateStatisticsConfig      : 준비된 문장 캐시 미스: 39
2026-01-27T01:35:09.274+09:00  INFO 9824 --- [scheduling-1] c.p.f.c.c.HibernateStatisticsConfig      : 실행된 고유 쿼리 수: 42
2026-01-27T01:35:09.274+09:00  INFO 9824 --- [scheduling-1] c.p.f.c.c.HibernateStatisticsConfig      : ========================
2026-01-27T01:35:09.275+09:00  INFO 9824 --- [scheduling-1] c.p.f.c.c.HibernateStatisticsConfig      : === Hibernate 통계 정보 ===
2026-01-27T01:35:09.275+09:00  INFO 9824 --- [scheduling-1] c.p.f.c.c.HibernateStatisticsConfig      : 총 쿼리 실행 횟수: 615
2026-01-27T01:35:09.275+09:00  INFO 9824 --- [scheduling-1] c.p.f.c.c.HibernateStatisticsConfig      : 총 쿼리 실행 시간: 83ms
2026-01-27T01:35:09.275+09:00  INFO 9824 --- [scheduling-1] c.p.f.c.c.HibernateStatisticsConfig      : 평균 쿼리 실행 시간: 0ms
2026-01-27T01:35:09.275+09:00  INFO 9824 --- [scheduling-1] c.p.f.c.c.HibernateStatisticsConfig      : 총 엔티티 로드 횟수: 4459
2026-01-27T01:35:09.275+09:00  INFO 9824 --- [scheduling-1] c.p.f.c.c.HibernateStatisticsConfig      : 총 엔티티 페치 횟수: 408
2026-01-27T01:35:09.275+09:00  INFO 9824 --- [scheduling-1] c.p.f.c.c.HibernateStatisticsConfig      : 총 컬렉션 로드 횟수: 561
2026-01-27T01:35:09.275+09:00  INFO 9824 --- [scheduling-1] c.p.f.c.c.HibernateStatisticsConfig      : 총 컬렉션 페치 횟수: 561
2026-01-27T01:35:09.275+09:00  INFO 9824 --- [scheduling-1] c.p.f.c.c.HibernateStatisticsConfig      : 총 세션 열기 횟수: 1601
2026-01-27T01:35:09.275+09:00  INFO 9824 --- [scheduling-1] c.p.f.c.c.HibernateStatisticsConfig      : 총 세션 닫기 횟수: 1601
2026-01-27T01:35:09.275+09:00  INFO 9824 --- [scheduling-1] c.p.f.c.c.HibernateStatisticsConfig      : 총 트랜잭션 횟수: 879
2026-01-27T01:35:09.276+09:00  INFO 9824 --- [scheduling-1] c.p.f.c.c.HibernateStatisticsConfig      : 총 성공한 트랜잭션 횟수: 340
2026-01-27T01:35:09.276+09:00  INFO 9824 --- [scheduling-1] c.p.f.c.c.HibernateStatisticsConfig      : 연결 횟수: 1440
2026-01-27T01:35:09.276+09:00  INFO 9824 --- [scheduling-1] c.p.f.c.c.HibernateStatisticsConfig      : 준비된 문장 캐시 히트: 1121
2026-01-27T01:35:09.276+09:00  INFO 9824 --- [scheduling-1] c.p.f.c.c.HibernateStatisticsConfig      : 준비된 문장 캐시 미스: 39
2026-01-27T01:35:09.276+09:00  INFO 9824 --- [scheduling-1] c.p.f.c.c.HibernateStatisticsConfig      : 실행된 고유 쿼리 수: 42
2026-01-27T01:35:09.276+09:00  INFO 9824 --- [scheduling-1] c.p.f.c.c.HibernateStatisticsConfig      : ========================
2026-01-27T01:35:09.276+09:00  INFO 9824 --- [scheduling-1] c.p.f.c.c.HibernateStatisticsConfig      : === Hibernate 통계 정보 ===
2026-01-27T01:35:09.276+09:00  INFO 9824 --- [scheduling-1] c.p.f.c.c.HibernateStatisticsConfig      : 총 쿼리 실행 횟수: 615
2026-01-27T01:35:09.278+09:00  INFO 9824 --- [scheduling-1] c.p.f.c.c.HibernateStatisticsConfig      : 총 쿼리 실행 시간: 83ms
2026-01-27T01:35:09.278+09:00  INFO 9824 --- [scheduling-1] c.p.f.c.c.HibernateStatisticsConfig      : 평균 쿼리 실행 시간: 0ms
2026-01-27T01:35:09.278+09:00  INFO 9824 --- [scheduling-1] c.p.f.c.c.HibernateStatisticsConfig      : 총 엔티티 로드 횟수: 4459
2026-01-27T01:35:09.278+09:00  INFO 9824 --- [scheduling-1] c.p.f.c.c.HibernateStatisticsConfig      : 총 엔티티 페치 횟수: 408
2026-01-27T01:35:09.278+09:00  INFO 9824 --- [scheduling-1] c.p.f.c.c.HibernateStatisticsConfig      : 총 컬렉션 로드 횟수: 561
2026-01-27T01:35:09.278+09:00  INFO 9824 --- [scheduling-1] c.p.f.c.c.HibernateStatisticsConfig      : 총 컬렉션 페치 횟수: 561
2026-01-27T01:35:09.278+09:00  INFO 9824 --- [scheduling-1] c.p.f.c.c.HibernateStatisticsConfig      : 총 세션 열기 횟수: 1601
2026-01-27T01:35:09.278+09:00  INFO 9824 --- [scheduling-1] c.p.f.c.c.HibernateStatisticsConfig      : 총 세션 닫기 횟수: 1601
2026-01-27T01:35:09.278+09:00  INFO 9824 --- [scheduling-1] c.p.f.c.c.HibernateStatisticsConfig      : 총 트랜잭션 횟수: 879
2026-01-27T01:35:09.278+09:00  INFO 9824 --- [scheduling-1] c.p.f.c.c.HibernateStatisticsConfig      : 총 성공한 트랜잭션 횟수: 340
2026-01-27T01:35:09.278+09:00  INFO 9824 --- [scheduling-1] c.p.f.c.c.HibernateStatisticsConfig      : 연결 횟수: 1440
2026-01-27T01:35:09.278+09:00  INFO 9824 --- [scheduling-1] c.p.f.c.c.HibernateStatisticsConfig      : 준비된 문장 캐시 히트: 1121
2026-01-27T01:35:09.278+09:00  INFO 9824 --- [scheduling-1] c.p.f.c.c.HibernateStatisticsConfig      : 준비된 문장 캐시 미스: 39
2026-01-27T01:35:09.278+09:00  INFO 9824 --- [scheduling-1] c.p.f.c.c.HibernateStatisticsConfig      : 실행된 고유 쿼리 수: 42
2026-01-27T01:35:09.278+09:00  INFO 9824 --- [scheduling-1] c.p.f.c.c.HibernateStatisticsConfig      : ========================
2026-01-27T01:35:09.283+09:00  INFO 9824 --- [scheduling-1] c.p.f.c.c.HibernateStatisticsConfig      : === Hibernate 통계 정보 ===
2026-01-27T01:35:09.283+09:00  INFO 9824 --- [scheduling-1] c.p.f.c.c.HibernateStatisticsConfig      : 총 쿼리 실행 횟수: 615
2026-01-27T01:35:09.283+09:00  INFO 9824 --- [scheduling-1] c.p.f.c.c.HibernateStatisticsConfig      : 총 쿼리 실행 시간: 83ms
2026-01-27T01:35:09.283+09:00  INFO 9824 --- [scheduling-1] c.p.f.c.c.HibernateStatisticsConfig      : 평균 쿼리 실행 시간: 0ms
2026-01-27T01:35:09.283+09:00  INFO 9824 --- [scheduling-1] c.p.f.c.c.HibernateStatisticsConfig      : 총 엔티티 로드 횟수: 4459
2026-01-27T01:35:09.283+09:00  INFO 9824 --- [scheduling-1] c.p.f.c.c.HibernateStatisticsConfig      : 총 엔티티 페치 횟수: 408
2026-01-27T01:35:09.283+09:00  INFO 9824 --- [scheduling-1] c.p.f.c.c.HibernateStatisticsConfig      : 총 컬렉션 로드 횟수: 561
2026-01-27T01:35:09.283+09:00  INFO 9824 --- [scheduling-1] c.p.f.c.c.HibernateStatisticsConfig      : 총 컬렉션 페치 횟수: 561
2026-01-27T01:35:09.283+09:00  INFO 9824 --- [scheduling-1] c.p.f.c.c.HibernateStatisticsConfig      : 총 세션 열기 횟수: 1601
2026-01-27T01:35:09.283+09:00  INFO 9824 --- [scheduling-1] c.p.f.c.c.HibernateStatisticsConfig      : 총 세션 닫기 횟수: 1601
2026-01-27T01:35:09.283+09:00  INFO 9824 --- [scheduling-1] c.p.f.c.c.HibernateStatisticsConfig      : 총 트랜잭션 횟수: 879
2026-01-27T01:35:09.283+09:00  INFO 9824 --- [scheduling-1] c.p.f.c.c.HibernateStatisticsConfig      : 총 성공한 트랜잭션 횟수: 340
2026-01-27T01:35:09.283+09:00  INFO 9824 --- [scheduling-1] c.p.f.c.c.HibernateStatisticsConfig      : 연결 횟수: 1440
2026-01-27T01:35:09.283+09:00  INFO 9824 --- [scheduling-1] c.p.f.c.c.HibernateStatisticsConfig      : 준비된 문장 캐시 히트: 1121
2026-01-27T01:35:09.283+09:00  INFO 9824 --- [scheduling-1] c.p.f.c.c.HibernateStatisticsConfig      : 준비된 문장 캐시 미스: 39
2026-01-27T01:35:09.283+09:00  INFO 9824 --- [scheduling-1] c.p.f.c.c.HibernateStatisticsConfig      : 실행된 고유 쿼리 수: 42
2026-01-27T01:35:09.283+09:00  INFO 9824 --- [scheduling-1] c.p.f.c.c.HibernateStatisticsConfig      : ========================
2026-01-27T01:35:09.286+09:00  INFO 9824 --- [scheduling-1] c.p.f.c.c.HibernateStatisticsConfig      : === Hibernate 통계 정보 ===
2026-01-27T01:35:09.287+09:00  INFO 9824 --- [scheduling-1] c.p.f.c.c.HibernateStatisticsConfig      : 총 쿼리 실행 횟수: 615
2026-01-27T01:35:09.287+09:00  INFO 9824 --- [scheduling-1] c.p.f.c.c.HibernateStatisticsConfig      : 총 쿼리 실행 시간: 83ms
2026-01-27T01:35:09.287+09:00  INFO 9824 --- [scheduling-1] c.p.f.c.c.HibernateStatisticsConfig      : 평균 쿼리 실행 시간: 0ms
2026-01-27T01:35:09.287+09:00  INFO 9824 --- [scheduling-1] c.p.f.c.c.HibernateStatisticsConfig      : 총 엔티티 로드 횟수: 4459
2026-01-27T01:35:09.287+09:00  INFO 9824 --- [scheduling-1] c.p.f.c.c.HibernateStatisticsConfig      : 총 엔티티 페치 횟수: 408
2026-01-27T01:35:09.287+09:00  INFO 9824 --- [scheduling-1] c.p.f.c.c.HibernateStatisticsConfig      : 총 컬렉션 로드 횟수: 561
2026-01-27T01:35:09.287+09:00  INFO 9824 --- [scheduling-1] c.p.f.c.c.HibernateStatisticsConfig      : 총 컬렉션 페치 횟수: 561
2026-01-27T01:35:09.287+09:00  INFO 9824 --- [scheduling-1] c.p.f.c.c.HibernateStatisticsConfig      : 총 세션 열기 횟수: 1601
2026-01-27T01:35:09.287+09:00  INFO 9824 --- [scheduling-1] c.p.f.c.c.HibernateStatisticsConfig      : 총 세션 닫기 횟수: 1601
2026-01-27T01:35:09.288+09:00  INFO 9824 --- [scheduling-1] c.p.f.c.c.HibernateStatisticsConfig      : 총 트랜잭션 횟수: 879
2026-01-27T01:35:09.288+09:00  INFO 9824 --- [scheduling-1] c.p.f.c.c.HibernateStatisticsConfig      : 총 성공한 트랜잭션 횟수: 340
2026-01-27T01:35:09.288+09:00  INFO 9824 --- [scheduling-1] c.p.f.c.c.HibernateStatisticsConfig      : 연결 횟수: 1440
2026-01-27T01:35:09.288+09:00  INFO 9824 --- [scheduling-1] c.p.f.c.c.HibernateStatisticsConfig      : 준비된 문장 캐시 히트: 1121
2026-01-27T01:35:09.288+09:00  INFO 9824 --- [scheduling-1] c.p.f.c.c.HibernateStatisticsConfig      : 준비된 문장 캐시 미스: 39
2026-01-27T01:35:09.288+09:00  INFO 9824 --- [scheduling-1] c.p.f.c.c.HibernateStatisticsConfig      : 실행된 고유 쿼리 수: 42
2026-01-27T01:35:09.288+09:00  INFO 9824 --- [scheduling-1] c.p.f.c.c.HibernateStatisticsConfig      : ========================
2026-01-27T01:35:09.289+09:00  INFO 9824 --- [scheduling-1] c.p.f.c.c.HibernateStatisticsConfig      : === Hibernate 통계 정보 ===
2026-01-27T01:35:09.289+09:00  INFO 9824 --- [scheduling-1] c.p.f.c.c.HibernateStatisticsConfig      : 총 쿼리 실행 횟수: 615
2026-01-27T01:35:09.289+09:00  INFO 9824 --- [scheduling-1] c.p.f.c.c.HibernateStatisticsConfig      : 총 쿼리 실행 시간: 83ms
2026-01-27T01:35:09.289+09:00  INFO 9824 --- [scheduling-1] c.p.f.c.c.HibernateStatisticsConfig      : 평균 쿼리 실행 시간: 0ms
2026-01-27T01:35:09.289+09:00  INFO 9824 --- [scheduling-1] c.p.f.c.c.HibernateStatisticsConfig      : 총 엔티티 로드 횟수: 4459
2026-01-27T01:35:09.289+09:00  INFO 9824 --- [scheduling-1] c.p.f.c.c.HibernateStatisticsConfig      : 총 엔티티 페치 횟수: 408
2026-01-27T01:35:09.289+09:00  INFO 9824 --- [scheduling-1] c.p.f.c.c.HibernateStatisticsConfig      : 총 컬렉션 로드 횟수: 561
2026-01-27T01:35:09.289+09:00  INFO 9824 --- [scheduling-1] c.p.f.c.c.HibernateStatisticsConfig      : 총 컬렉션 페치 횟수: 561
2026-01-27T01:35:09.289+09:00  INFO 9824 --- [scheduling-1] c.p.f.c.c.HibernateStatisticsConfig      : 총 세션 열기 횟수: 1601
2026-01-27T01:35:09.289+09:00  INFO 9824 --- [scheduling-1] c.p.f.c.c.HibernateStatisticsConfig      : 총 세션 닫기 횟수: 1601
2026-01-27T01:35:09.291+09:00  INFO 9824 --- [scheduling-1] c.p.f.c.c.HibernateStatisticsConfig      : 총 트랜잭션 횟수: 879
2026-01-27T01:35:09.291+09:00  INFO 9824 --- [scheduling-1] c.p.f.c.c.HibernateStatisticsConfig      : 총 성공한 트랜잭션 횟수: 340
2026-01-27T01:35:09.291+09:00  INFO 9824 --- [scheduling-1] c.p.f.c.c.HibernateStatisticsConfig      : 연결 횟수: 1440
2026-01-27T01:35:09.291+09:00  INFO 9824 --- [scheduling-1] c.p.f.c.c.HibernateStatisticsConfig      : 준비된 문장 캐시 히트: 1121
2026-01-27T01:35:09.291+09:00  INFO 9824 --- [scheduling-1] c.p.f.c.c.HibernateStatisticsConfig      : 준비된 문장 캐시 미스: 39
2026-01-27T01:35:09.291+09:00  INFO 9824 --- [scheduling-1] c.p.f.c.c.HibernateStatisticsConfig      : 실행된 고유 쿼리 수: 42
2026-01-27T01:35:09.291+09:00  INFO 9824 --- [scheduling-1] c.p.f.c.c.HibernateStatisticsConfig      : ========================
2026-01-27T01:35:09.291+09:00  INFO 9824 --- [scheduling-1] c.p.f.c.c.HibernateStatisticsConfig      : === Hibernate 통계 정보 ===
2026-01-27T01:35:09.291+09:00  INFO 9824 --- [scheduling-1] c.p.f.c.c.HibernateStatisticsConfig      : 총 쿼리 실행 횟수: 615
2026-01-27T01:35:09.291+09:00  INFO 9824 --- [scheduling-1] c.p.f.c.c.HibernateStatisticsConfig      : 총 쿼리 실행 시간: 83ms
2026-01-27T01:35:09.291+09:00  INFO 9824 --- [scheduling-1] c.p.f.c.c.HibernateStatisticsConfig      : 평균 쿼리 실행 시간: 0ms
2026-01-27T01:35:09.291+09:00  INFO 9824 --- [scheduling-1] c.p.f.c.c.HibernateStatisticsConfig      : 총 엔티티 로드 횟수: 4459
2026-01-27T01:35:09.291+09:00  INFO 9824 --- [scheduling-1] c.p.f.c.c.HibernateStatisticsConfig      : 총 엔티티 페치 횟수: 408
2026-01-27T01:35:09.291+09:00  INFO 9824 --- [scheduling-1] c.p.f.c.c.HibernateStatisticsConfig      : 총 컬렉션 로드 횟수: 561
2026-01-27T01:35:09.291+09:00  INFO 9824 --- [scheduling-1] c.p.f.c.c.HibernateStatisticsConfig      : 총 컬렉션 페치 횟수: 561
2026-01-27T01:35:09.291+09:00  INFO 9824 --- [scheduling-1] c.p.f.c.c.HibernateStatisticsConfig      : 총 세션 열기 횟수: 1601
2026-01-27T01:35:09.291+09:00  INFO 9824 --- [scheduling-1] c.p.f.c.c.HibernateStatisticsConfig      : 총 세션 닫기 횟수: 1601
2026-01-27T01:35:09.291+09:00  INFO 9824 --- [scheduling-1] c.p.f.c.c.HibernateStatisticsConfig      : 총 트랜잭션 횟수: 879
2026-01-27T01:35:09.291+09:00  INFO 9824 --- [scheduling-1] c.p.f.c.c.HibernateStatisticsConfig      : 총 성공한 트랜잭션 횟수: 340
2026-01-27T01:35:09.291+09:00  INFO 9824 --- [scheduling-1] c.p.f.c.c.HibernateStatisticsConfig      : 연결 횟수: 1440
2026-01-27T01:35:09.291+09:00  INFO 9824 --- [scheduling-1] c.p.f.c.c.HibernateStatisticsConfig      : 준비된 문장 캐시 히트: 1121
2026-01-27T01:35:09.291+09:00  INFO 9824 --- [scheduling-1] c.p.f.c.c.HibernateStatisticsConfig      : 준비된 문장 캐시 미스: 39
2026-01-27T01:35:09.291+09:00  INFO 9824 --- [scheduling-1] c.p.f.c.c.HibernateStatisticsConfig      : 실행된 고유 쿼리 수: 42
2026-01-27T01:35:09.291+09:00  INFO 9824 --- [scheduling-1] c.p.f.c.c.HibernateStatisticsConfig      : ========================
2026-01-27T01:35:09.293+09:00  INFO 9824 --- [scheduling-1] c.p.f.c.c.HibernateStatisticsConfig      : === Hibernate 통계 정보 ===
2026-01-27T01:35:09.293+09:00  INFO 9824 --- [scheduling-1] c.p.f.c.c.HibernateStatisticsConfig      : 총 쿼리 실행 횟수: 615
2026-01-27T01:35:09.293+09:00  INFO 9824 --- [scheduling-1] c.p.f.c.c.HibernateStatisticsConfig      : 총 쿼리 실행 시간: 83ms
2026-01-27T01:35:09.293+09:00  INFO 9824 --- [scheduling-1] c.p.f.c.c.HibernateStatisticsConfig      : 평균 쿼리 실행 시간: 0ms
2026-01-27T01:35:09.293+09:00  INFO 9824 --- [scheduling-1] c.p.f.c.c.HibernateStatisticsConfig      : 총 엔티티 로드 횟수: 4459
2026-01-27T01:35:09.293+09:00  INFO 9824 --- [scheduling-1] c.p.f.c.c.HibernateStatisticsConfig      : 총 엔티티 페치 횟수: 408
2026-01-27T01:35:09.293+09:00  INFO 9824 --- [scheduling-1] c.p.f.c.c.HibernateStatisticsConfig      : 총 컬렉션 로드 횟수: 561
2026-01-27T01:35:09.293+09:00  INFO 9824 --- [scheduling-1] c.p.f.c.c.HibernateStatisticsConfig      : 총 컬렉션 페치 횟수: 561
2026-01-27T01:35:09.293+09:00  INFO 9824 --- [scheduling-1] c.p.f.c.c.HibernateStatisticsConfig      : 총 세션 열기 횟수: 1601
2026-01-27T01:35:09.293+09:00  INFO 9824 --- [scheduling-1] c.p.f.c.c.HibernateStatisticsConfig      : 총 세션 닫기 횟수: 1601
2026-01-27T01:35:09.293+09:00  INFO 9824 --- [scheduling-1] c.p.f.c.c.HibernateStatisticsConfig      : 총 트랜잭션 횟수: 879
2026-01-27T01:35:09.293+09:00  INFO 9824 --- [scheduling-1] c.p.f.c.c.HibernateStatisticsConfig      : 총 성공한 트랜잭션 횟수: 340
2026-01-27T01:35:09.293+09:00  INFO 9824 --- [scheduling-1] c.p.f.c.c.HibernateStatisticsConfig      : 연결 횟수: 1440
2026-01-27T01:35:09.293+09:00  INFO 9824 --- [scheduling-1] c.p.f.c.c.HibernateStatisticsConfig      : 준비된 문장 캐시 히트: 1121
2026-01-27T01:35:09.293+09:00  INFO 9824 --- [scheduling-1] c.p.f.c.c.HibernateStatisticsConfig      : 준비된 문장 캐시 미스: 39
2026-01-27T01:35:09.293+09:00  INFO 9824 --- [scheduling-1] c.p.f.c.c.HibernateStatisticsConfig      : 실행된 고유 쿼리 수: 42
2026-01-27T01:35:09.293+09:00  INFO 9824 --- [scheduling-1] c.p.f.c.c.HibernateStatisticsConfig      : ========================
2026-01-27T01:35:09.296+09:00  INFO 9824 --- [scheduling-1] c.p.f.c.c.HibernateStatisticsConfig      : === Hibernate 통계 정보 ===
2026-01-27T01:35:09.296+09:00  INFO 9824 --- [scheduling-1] c.p.f.c.c.HibernateStatisticsConfig      : 총 쿼리 실행 횟수: 615
2026-01-27T01:35:09.296+09:00  INFO 9824 --- [scheduling-1] c.p.f.c.c.HibernateStatisticsConfig      : 총 쿼리 실행 시간: 83ms
2026-01-27T01:35:09.297+09:00  INFO 9824 --- [scheduling-1] c.p.f.c.c.HibernateStatisticsConfig      : 평균 쿼리 실행 시간: 0ms
2026-01-27T01:35:09.297+09:00  INFO 9824 --- [scheduling-1] c.p.f.c.c.HibernateStatisticsConfig      : 총 엔티티 로드 횟수: 4459
2026-01-27T01:35:09.297+09:00  INFO 9824 --- [scheduling-1] c.p.f.c.c.HibernateStatisticsConfig      : 총 엔티티 페치 횟수: 408
2026-01-27T01:35:09.297+09:00  INFO 9824 --- [scheduling-1] c.p.f.c.c.HibernateStatisticsConfig      : 총 컬렉션 로드 횟수: 561
2026-01-27T01:35:09.297+09:00  INFO 9824 --- [scheduling-1] c.p.f.c.c.HibernateStatisticsConfig      : 총 컬렉션 페치 횟수: 561
2026-01-27T01:35:09.297+09:00  INFO 9824 --- [scheduling-1] c.p.f.c.c.HibernateStatisticsConfig      : 총 세션 열기 횟수: 1601
2026-01-27T01:35:09.297+09:00  INFO 9824 --- [scheduling-1] c.p.f.c.c.HibernateStatisticsConfig      : 총 세션 닫기 횟수: 1601
2026-01-27T01:35:09.297+09:00  INFO 9824 --- [scheduling-1] c.p.f.c.c.HibernateStatisticsConfig      : 총 트랜잭션 횟수: 879
2026-01-27T01:35:09.297+09:00  INFO 9824 --- [scheduling-1] c.p.f.c.c.HibernateStatisticsConfig      : 총 성공한 트랜잭션 횟수: 340
2026-01-27T01:35:09.297+09:00  INFO 9824 --- [scheduling-1] c.p.f.c.c.HibernateStatisticsConfig      : 연결 횟수: 1440
2026-01-27T01:35:09.297+09:00  INFO 9824 --- [scheduling-1] c.p.f.c.c.HibernateStatisticsConfig      : 준비된 문장 캐시 히트: 1121
2026-01-27T01:35:09.297+09:00  INFO 9824 --- [scheduling-1] c.p.f.c.c.HibernateStatisticsConfig      : 준비된 문장 캐시 미스: 39
2026-01-27T01:35:09.298+09:00  INFO 9824 --- [scheduling-1] c.p.f.c.c.HibernateStatisticsConfig      : 실행된 고유 쿼리 수: 42
2026-01-27T01:35:09.298+09:00  INFO 9824 --- [scheduling-1] c.p.f.c.c.HibernateStatisticsConfig      : ========================
2026-01-27T01:35:09.298+09:00  INFO 9824 --- [scheduling-1] c.p.f.c.c.HibernateStatisticsConfig      : === Hibernate 통계 정보 ===
2026-01-27T01:35:09.298+09:00  INFO 9824 --- [scheduling-1] c.p.f.c.c.HibernateStatisticsConfig      : 총 쿼리 실행 횟수: 615
2026-01-27T01:35:09.298+09:00  INFO 9824 --- [scheduling-1] c.p.f.c.c.HibernateStatisticsConfig      : 총 쿼리 실행 시간: 83ms
2026-01-27T01:35:09.298+09:00  INFO 9824 --- [scheduling-1] c.p.f.c.c.HibernateStatisticsConfig      : 평균 쿼리 실행 시간: 0ms
2026-01-27T01:35:09.298+09:00  INFO 9824 --- [scheduling-1] c.p.f.c.c.HibernateStatisticsConfig      : 총 엔티티 로드 횟수: 4459
2026-01-27T01:35:09.298+09:00  INFO 9824 --- [scheduling-1] c.p.f.c.c.HibernateStatisticsConfig      : 총 엔티티 페치 횟수: 408
2026-01-27T01:35:09.298+09:00  INFO 9824 --- [scheduling-1] c.p.f.c.c.HibernateStatisticsConfig      : 총 컬렉션 로드 횟수: 561
2026-01-27T01:35:09.298+09:00  INFO 9824 --- [scheduling-1] c.p.f.c.c.HibernateStatisticsConfig      : 총 컬렉션 페치 횟수: 561
2026-01-27T01:35:09.298+09:00  INFO 9824 --- [scheduling-1] c.p.f.c.c.HibernateStatisticsConfig      : 총 세션 열기 횟수: 1601
2026-01-27T01:35:09.298+09:00  INFO 9824 --- [scheduling-1] c.p.f.c.c.HibernateStatisticsConfig      : 총 세션 닫기 횟수: 1601
2026-01-27T01:35:09.298+09:00  INFO 9824 --- [scheduling-1] c.p.f.c.c.HibernateStatisticsConfig      : 총 트랜잭션 횟수: 879
2026-01-27T01:35:09.298+09:00  INFO 9824 --- [scheduling-1] c.p.f.c.c.HibernateStatisticsConfig      : 총 성공한 트랜잭션 횟수: 340
2026-01-27T01:35:09.298+09:00  INFO 9824 --- [scheduling-1] c.p.f.c.c.HibernateStatisticsConfig      : 연결 횟수: 1440
2026-01-27T01:35:09.298+09:00  INFO 9824 --- [scheduling-1] c.p.f.c.c.HibernateStatisticsConfig      : 준비된 문장 캐시 히트: 1121
2026-01-27T01:35:09.298+09:00  INFO 9824 --- [scheduling-1] c.p.f.c.c.HibernateStatisticsConfig      : 준비된 문장 캐시 미스: 39
2026-01-27T01:35:09.298+09:00  INFO 9824 --- [scheduling-1] c.p.f.c.c.HibernateStatisticsConfig      : 실행된 고유 쿼리 수: 42
2026-01-27T01:35:09.298+09:00  INFO 9824 --- [scheduling-1] c.p.f.c.c.HibernateStatisticsConfig      : ========================
2026-01-27T01:35:09.298+09:00  INFO 9824 --- [scheduling-1] c.p.f.c.c.HibernateStatisticsConfig      : === Hibernate 통계 정보 ===
2026-01-27T01:35:09.298+09:00  INFO 9824 --- [scheduling-1] c.p.f.c.c.HibernateStatisticsConfig      : 총 쿼리 실행 횟수: 615
2026-01-27T01:35:09.298+09:00  INFO 9824 --- [scheduling-1] c.p.f.c.c.HibernateStatisticsConfig      : 총 쿼리 실행 시간: 83ms
2026-01-27T01:35:09.298+09:00  INFO 9824 --- [scheduling-1] c.p.f.c.c.HibernateStatisticsConfig      : 평균 쿼리 실행 시간: 0ms
2026-01-27T01:35:09.298+09:00  INFO 9824 --- [scheduling-1] c.p.f.c.c.HibernateStatisticsConfig      : 총 엔티티 로드 횟수: 4459
2026-01-27T01:35:09.298+09:00  INFO 9824 --- [scheduling-1] c.p.f.c.c.HibernateStatisticsConfig      : 총 엔티티 페치 횟수: 408
2026-01-27T01:35:09.298+09:00  INFO 9824 --- [scheduling-1] c.p.f.c.c.HibernateStatisticsConfig      : 총 컬렉션 로드 횟수: 561
2026-01-27T01:35:09.298+09:00  INFO 9824 --- [scheduling-1] c.p.f.c.c.HibernateStatisticsConfig      : 총 컬렉션 페치 횟수: 561
2026-01-27T01:35:09.298+09:00  INFO 9824 --- [scheduling-1] c.p.f.c.c.HibernateStatisticsConfig      : 총 세션 열기 횟수: 1601
2026-01-27T01:35:09.298+09:00  INFO 9824 --- [scheduling-1] c.p.f.c.c.HibernateStatisticsConfig      : 총 세션 닫기 횟수: 1601
2026-01-27T01:35:09.298+09:00  INFO 9824 --- [scheduling-1] c.p.f.c.c.HibernateStatisticsConfig      : 총 트랜잭션 횟수: 879
2026-01-27T01:35:09.298+09:00  INFO 9824 --- [scheduling-1] c.p.f.c.c.HibernateStatisticsConfig      : 총 성공한 트랜잭션 횟수: 340
2026-01-27T01:35:09.298+09:00  INFO 9824 --- [scheduling-1] c.p.f.c.c.HibernateStatisticsConfig      : 연결 횟수: 1440
2026-01-27T01:35:09.298+09:00  INFO 9824 --- [scheduling-1] c.p.f.c.c.HibernateStatisticsConfig      : 준비된 문장 캐시 히트: 1121
2026-01-27T01:35:09.298+09:00  INFO 9824 --- [scheduling-1] c.p.f.c.c.HibernateStatisticsConfig      : 준비된 문장 캐시 미스: 39
2026-01-27T01:35:09.298+09:00  INFO 9824 --- [scheduling-1] c.p.f.c.c.HibernateStatisticsConfig      : 실행된 고유 쿼리 수: 42
2026-01-27T01:35:09.298+09:00  INFO 9824 --- [scheduling-1] c.p.f.c.c.HibernateStatisticsConfig      : ========================
2026-01-27T01:35:09.304+09:00  INFO 9824 --- [scheduling-1] c.p.f.c.c.HibernateStatisticsConfig      : === Hibernate 통계 정보 ===
2026-01-27T01:35:09.304+09:00  INFO 9824 --- [scheduling-1] c.p.f.c.c.HibernateStatisticsConfig      : 총 쿼리 실행 횟수: 615
2026-01-27T01:35:09.304+09:00  INFO 9824 --- [scheduling-1] c.p.f.c.c.HibernateStatisticsConfig      : 총 쿼리 실행 시간: 83ms
2026-01-27T01:35:09.304+09:00  INFO 9824 --- [scheduling-1] c.p.f.c.c.HibernateStatisticsConfig      : 평균 쿼리 실행 시간: 0ms
2026-01-27T01:35:09.304+09:00  INFO 9824 --- [scheduling-1] c.p.f.c.c.HibernateStatisticsConfig      : 총 엔티티 로드 횟수: 4459
2026-01-27T01:35:09.304+09:00  INFO 9824 --- [scheduling-1] c.p.f.c.c.HibernateStatisticsConfig      : 총 엔티티 페치 횟수: 408
2026-01-27T01:35:09.305+09:00  INFO 9824 --- [scheduling-1] c.p.f.c.c.HibernateStatisticsConfig      : 총 컬렉션 로드 횟수: 561
2026-01-27T01:35:09.305+09:00  INFO 9824 --- [scheduling-1] c.p.f.c.c.HibernateStatisticsConfig      : 총 컬렉션 페치 횟수: 561
2026-01-27T01:35:09.305+09:00  INFO 9824 --- [scheduling-1] c.p.f.c.c.HibernateStatisticsConfig      : 총 세션 열기 횟수: 1601
2026-01-27T01:35:09.305+09:00  INFO 9824 --- [scheduling-1] c.p.f.c.c.HibernateStatisticsConfig      : 총 세션 닫기 횟수: 1601
2026-01-27T01:35:09.305+09:00  INFO 9824 --- [scheduling-1] c.p.f.c.c.HibernateStatisticsConfig      : 총 트랜잭션 횟수: 879
2026-01-27T01:35:09.306+09:00  INFO 9824 --- [scheduling-1] c.p.f.c.c.HibernateStatisticsConfig      : 총 성공한 트랜잭션 횟수: 340
2026-01-27T01:35:09.306+09:00  INFO 9824 --- [scheduling-1] c.p.f.c.c.HibernateStatisticsConfig      : 연결 횟수: 1440
2026-01-27T01:35:09.306+09:00  INFO 9824 --- [scheduling-1] c.p.f.c.c.HibernateStatisticsConfig      : 준비된 문장 캐시 히트: 1121
2026-01-27T01:35:09.306+09:00  INFO 9824 --- [scheduling-1] c.p.f.c.c.HibernateStatisticsConfig      : 준비된 문장 캐시 미스: 39
2026-01-27T01:35:09.306+09:00  INFO 9824 --- [scheduling-1] c.p.f.c.c.HibernateStatisticsConfig      : 실행된 고유 쿼리 수: 42
2026-01-27T01:35:09.306+09:00  INFO 9824 --- [scheduling-1] c.p.f.c.c.HibernateStatisticsConfig      : ========================
2026-01-27T01:35:09.307+09:00  INFO 9824 --- [scheduling-1] c.p.f.c.c.HibernateStatisticsConfig      : === Hibernate 통계 정보 ===
2026-01-27T01:35:09.307+09:00  INFO 9824 --- [scheduling-1] c.p.f.c.c.HibernateStatisticsConfig      : 총 쿼리 실행 횟수: 615
2026-01-27T01:35:09.307+09:00  INFO 9824 --- [scheduling-1] c.p.f.c.c.HibernateStatisticsConfig      : 총 쿼리 실행 시간: 83ms
2026-01-27T01:35:09.307+09:00  INFO 9824 --- [scheduling-1] c.p.f.c.c.HibernateStatisticsConfig      : 평균 쿼리 실행 시간: 0ms
2026-01-27T01:35:09.307+09:00  INFO 9824 --- [scheduling-1] c.p.f.c.c.HibernateStatisticsConfig      : 총 엔티티 로드 횟수: 4459
2026-01-27T01:35:09.307+09:00  INFO 9824 --- [scheduling-1] c.p.f.c.c.HibernateStatisticsConfig      : 총 엔티티 페치 횟수: 408
2026-01-27T01:35:09.307+09:00  INFO 9824 --- [scheduling-1] c.p.f.c.c.HibernateStatisticsConfig      : 총 컬렉션 로드 횟수: 561
2026-01-27T01:35:09.307+09:00  INFO 9824 --- [scheduling-1] c.p.f.c.c.HibernateStatisticsConfig      : 총 컬렉션 페치 횟수: 561
2026-01-27T01:35:09.307+09:00  INFO 9824 --- [scheduling-1] c.p.f.c.c.HibernateStatisticsConfig      : 총 세션 열기 횟수: 1601
2026-01-27T01:35:09.307+09:00  INFO 9824 --- [scheduling-1] c.p.f.c.c.HibernateStatisticsConfig      : 총 세션 닫기 횟수: 1601
2026-01-27T01:35:09.307+09:00  INFO 9824 --- [scheduling-1] c.p.f.c.c.HibernateStatisticsConfig      : 총 트랜잭션 횟수: 879
2026-01-27T01:35:09.307+09:00  INFO 9824 --- [scheduling-1] c.p.f.c.c.HibernateStatisticsConfig      : 총 성공한 트랜잭션 횟수: 340
2026-01-27T01:35:09.307+09:00  INFO 9824 --- [scheduling-1] c.p.f.c.c.HibernateStatisticsConfig      : 연결 횟수: 1440
2026-01-27T01:35:09.307+09:00  INFO 9824 --- [scheduling-1] c.p.f.c.c.HibernateStatisticsConfig      : 준비된 문장 캐시 히트: 1121
2026-01-27T01:35:09.307+09:00  INFO 9824 --- [scheduling-1] c.p.f.c.c.HibernateStatisticsConfig      : 준비된 문장 캐시 미스: 39
2026-01-27T01:35:09.307+09:00  INFO 9824 --- [scheduling-1] c.p.f.c.c.HibernateStatisticsConfig      : 실행된 고유 쿼리 수: 42
2026-01-27T01:35:09.307+09:00  INFO 9824 --- [scheduling-1] c.p.f.c.c.HibernateStatisticsConfig      : ========================
2026-01-27T01:35:09.308+09:00  INFO 9824 --- [scheduling-1] c.p.f.c.c.HibernateStatisticsConfig      : === Hibernate 통계 정보 ===
2026-01-27T01:35:09.308+09:00  INFO 9824 --- [scheduling-1] c.p.f.c.c.HibernateStatisticsConfig      : 총 쿼리 실행 횟수: 615
2026-01-27T01:35:09.308+09:00  INFO 9824 --- [scheduling-1] c.p.f.c.c.HibernateStatisticsConfig      : 총 쿼리 실행 시간: 83ms
2026-01-27T01:35:09.308+09:00  INFO 9824 --- [scheduling-1] c.p.f.c.c.HibernateStatisticsConfig      : 평균 쿼리 실행 시간: 0ms
2026-01-27T01:35:09.308+09:00  INFO 9824 --- [scheduling-1] c.p.f.c.c.HibernateStatisticsConfig      : 총 엔티티 로드 횟수: 4459
2026-01-27T01:35:09.308+09:00  INFO 9824 --- [scheduling-1] c.p.f.c.c.HibernateStatisticsConfig      : 총 엔티티 페치 횟수: 408
2026-01-27T01:35:09.308+09:00  INFO 9824 --- [scheduling-1] c.p.f.c.c.HibernateStatisticsConfig      : 총 컬렉션 로드 횟수: 561
2026-01-27T01:35:09.308+09:00  INFO 9824 --- [scheduling-1] c.p.f.c.c.HibernateStatisticsConfig      : 총 컬렉션 페치 횟수: 561
2026-01-27T01:35:09.309+09:00  INFO 9824 --- [scheduling-1] c.p.f.c.c.HibernateStatisticsConfig      : 총 세션 열기 횟수: 1601
2026-01-27T01:35:09.309+09:00  INFO 9824 --- [scheduling-1] c.p.f.c.c.HibernateStatisticsConfig      : 총 세션 닫기 횟수: 1601
2026-01-27T01:35:09.309+09:00  INFO 9824 --- [scheduling-1] c.p.f.c.c.HibernateStatisticsConfig      : 총 트랜잭션 횟수: 879
2026-01-27T01:35:09.309+09:00  INFO 9824 --- [scheduling-1] c.p.f.c.c.HibernateStatisticsConfig      : 총 성공한 트랜잭션 횟수: 340
2026-01-27T01:35:09.309+09:00  INFO 9824 --- [scheduling-1] c.p.f.c.c.HibernateStatisticsConfig      : 연결 횟수: 1440
2026-01-27T01:35:09.309+09:00  INFO 9824 --- [scheduling-1] c.p.f.c.c.HibernateStatisticsConfig      : 준비된 문장 캐시 히트: 1121
2026-01-27T01:35:09.309+09:00  INFO 9824 --- [scheduling-1] c.p.f.c.c.HibernateStatisticsConfig      : 준비된 문장 캐시 미스: 39
2026-01-27T01:35:09.309+09:00  INFO 9824 --- [scheduling-1] c.p.f.c.c.HibernateStatisticsConfig      : 실행된 고유 쿼리 수: 42
2026-01-27T01:35:09.309+09:00  INFO 9824 --- [scheduling-1] c.p.f.c.c.HibernateStatisticsConfig      : ========================
2026-01-27T01:35:09.310+09:00  INFO 9824 --- [scheduling-1] c.p.f.c.c.HibernateStatisticsConfig      : === Hibernate 통계 정보 ===
2026-01-27T01:35:09.310+09:00  INFO 9824 --- [scheduling-1] c.p.f.c.c.HibernateStatisticsConfig      : 총 쿼리 실행 횟수: 615
2026-01-27T01:35:09.310+09:00  INFO 9824 --- [scheduling-1] c.p.f.c.c.HibernateStatisticsConfig      : 총 쿼리 실행 시간: 83ms
2026-01-27T01:35:09.310+09:00  INFO 9824 --- [scheduling-1] c.p.f.c.c.HibernateStatisticsConfig      : 평균 쿼리 실행 시간: 0ms
2026-01-27T01:35:09.310+09:00  INFO 9824 --- [scheduling-1] c.p.f.c.c.HibernateStatisticsConfig      : 총 엔티티 로드 횟수: 4459
2026-01-27T01:35:09.310+09:00  INFO 9824 --- [scheduling-1] c.p.f.c.c.HibernateStatisticsConfig      : 총 엔티티 페치 횟수: 408
2026-01-27T01:35:09.310+09:00  INFO 9824 --- [scheduling-1] c.p.f.c.c.HibernateStatisticsConfig      : 총 컬렉션 로드 횟수: 561
2026-01-27T01:35:09.310+09:00  INFO 9824 --- [scheduling-1] c.p.f.c.c.HibernateStatisticsConfig      : 총 컬렉션 페치 횟수: 561
2026-01-27T01:35:09.310+09:00  INFO 9824 --- [scheduling-1] c.p.f.c.c.HibernateStatisticsConfig      : 총 세션 열기 횟수: 1601
2026-01-27T01:35:09.310+09:00  INFO 9824 --- [scheduling-1] c.p.f.c.c.HibernateStatisticsConfig      : 총 세션 닫기 횟수: 1601
2026-01-27T01:35:09.310+09:00  INFO 9824 --- [scheduling-1] c.p.f.c.c.HibernateStatisticsConfig      : 총 트랜잭션 횟수: 879
2026-01-27T01:35:09.310+09:00  INFO 9824 --- [scheduling-1] c.p.f.c.c.HibernateStatisticsConfig      : 총 성공한 트랜잭션 횟수: 340
2026-01-27T01:35:09.310+09:00  INFO 9824 --- [scheduling-1] c.p.f.c.c.HibernateStatisticsConfig      : 연결 횟수: 1440
2026-01-27T01:35:09.310+09:00  INFO 9824 --- [scheduling-1] c.p.f.c.c.HibernateStatisticsConfig      : 준비된 문장 캐시 히트: 1121
2026-01-27T01:35:09.310+09:00  INFO 9824 --- [scheduling-1] c.p.f.c.c.HibernateStatisticsConfig      : 준비된 문장 캐시 미스: 39
2026-01-27T01:35:09.310+09:00  INFO 9824 --- [scheduling-1] c.p.f.c.c.HibernateStatisticsConfig      : 실행된 고유 쿼리 수: 42
2026-01-27T01:35:09.310+09:00  INFO 9824 --- [scheduling-1] c.p.f.c.c.HibernateStatisticsConfig      : ========================
2026-01-27T01:35:09.310+09:00  INFO 9824 --- [scheduling-1] c.p.f.c.c.HibernateStatisticsConfig      : === Hibernate 통계 정보 ===
2026-01-27T01:35:09.310+09:00  INFO 9824 --- [scheduling-1] c.p.f.c.c.HibernateStatisticsConfig      : 총 쿼리 실행 횟수: 615
2026-01-27T01:35:09.310+09:00  INFO 9824 --- [scheduling-1] c.p.f.c.c.HibernateStatisticsConfig      : 총 쿼리 실행 시간: 83ms
2026-01-27T01:35:09.310+09:00  INFO 9824 --- [scheduling-1] c.p.f.c.c.HibernateStatisticsConfig      : 평균 쿼리 실행 시간: 0ms
2026-01-27T01:35:09.310+09:00  INFO 9824 --- [scheduling-1] c.p.f.c.c.HibernateStatisticsConfig      : 총 엔티티 로드 횟수: 4459
2026-01-27T01:35:09.310+09:00  INFO 9824 --- [scheduling-1] c.p.f.c.c.HibernateStatisticsConfig      : 총 엔티티 페치 횟수: 408
2026-01-27T01:35:09.310+09:00  INFO 9824 --- [scheduling-1] c.p.f.c.c.HibernateStatisticsConfig      : 총 컬렉션 로드 횟수: 561
2026-01-27T01:35:09.310+09:00  INFO 9824 --- [scheduling-1] c.p.f.c.c.HibernateStatisticsConfig      : 총 컬렉션 페치 횟수: 561
2026-01-27T01:35:09.313+09:00  INFO 9824 --- [scheduling-1] c.p.f.c.c.HibernateStatisticsConfig      : 총 세션 열기 횟수: 1601
2026-01-27T01:35:09.313+09:00  INFO 9824 --- [scheduling-1] c.p.f.c.c.HibernateStatisticsConfig      : 총 세션 닫기 횟수: 1601
2026-01-27T01:35:09.313+09:00  INFO 9824 --- [scheduling-1] c.p.f.c.c.HibernateStatisticsConfig      : 총 트랜잭션 횟수: 879
2026-01-27T01:35:09.313+09:00  INFO 9824 --- [scheduling-1] c.p.f.c.c.HibernateStatisticsConfig      : 총 성공한 트랜잭션 횟수: 340
2026-01-27T01:35:09.313+09:00  INFO 9824 --- [scheduling-1] c.p.f.c.c.HibernateStatisticsConfig      : 연결 횟수: 1440
2026-01-27T01:35:09.313+09:00  INFO 9824 --- [scheduling-1] c.p.f.c.c.HibernateStatisticsConfig      : 준비된 문장 캐시 히트: 1121
2026-01-27T01:35:09.313+09:00  INFO 9824 --- [scheduling-1] c.p.f.c.c.HibernateStatisticsConfig      : 준비된 문장 캐시 미스: 39
2026-01-27T01:35:09.313+09:00  INFO 9824 --- [scheduling-1] c.p.f.c.c.HibernateStatisticsConfig      : 실행된 고유 쿼리 수: 42
2026-01-27T01:35:09.313+09:00  INFO 9824 --- [scheduling-1] c.p.f.c.c.HibernateStatisticsConfig      : ========================
2026-01-27T01:35:09.313+09:00  INFO 9824 --- [scheduling-1] c.p.f.c.c.HibernateStatisticsConfig      : === Hibernate 통계 정보 ===
2026-01-27T01:35:09.313+09:00  INFO 9824 --- [scheduling-1] c.p.f.c.c.HibernateStatisticsConfig      : 총 쿼리 실행 횟수: 615
2026-01-27T01:35:09.313+09:00  INFO 9824 --- [scheduling-1] c.p.f.c.c.HibernateStatisticsConfig      : 총 쿼리 실행 시간: 83ms
2026-01-27T01:35:09.313+09:00  INFO 9824 --- [scheduling-1] c.p.f.c.c.HibernateStatisticsConfig      : 평균 쿼리 실행 시간: 0ms
2026-01-27T01:35:09.313+09:00  INFO 9824 --- [scheduling-1] c.p.f.c.c.HibernateStatisticsConfig      : 총 엔티티 로드 횟수: 4459
2026-01-27T01:35:09.313+09:00  INFO 9824 --- [scheduling-1] c.p.f.c.c.HibernateStatisticsConfig      : 총 엔티티 페치 횟수: 408
2026-01-27T01:35:09.313+09:00  INFO 9824 --- [scheduling-1] c.p.f.c.c.HibernateStatisticsConfig      : 총 컬렉션 로드 횟수: 561
2026-01-27T01:35:09.313+09:00  INFO 9824 --- [scheduling-1] c.p.f.c.c.HibernateStatisticsConfig      : 총 컬렉션 페치 횟수: 561
2026-01-27T01:35:09.313+09:00  INFO 9824 --- [scheduling-1] c.p.f.c.c.HibernateStatisticsConfig      : 총 세션 열기 횟수: 1601
2026-01-27T01:35:09.313+09:00  INFO 9824 --- [scheduling-1] c.p.f.c.c.HibernateStatisticsConfig      : 총 세션 닫기 횟수: 1601
2026-01-27T01:35:09.313+09:00  INFO 9824 --- [scheduling-1] c.p.f.c.c.HibernateStatisticsConfig      : 총 트랜잭션 횟수: 879
2026-01-27T01:35:09.313+09:00  INFO 9824 --- [scheduling-1] c.p.f.c.c.HibernateStatisticsConfig      : 총 성공한 트랜잭션 횟수: 340
2026-01-27T01:35:09.313+09:00  INFO 9824 --- [scheduling-1] c.p.f.c.c.HibernateStatisticsConfig      : 연결 횟수: 1440
2026-01-27T01:35:09.313+09:00  INFO 9824 --- [scheduling-1] c.p.f.c.c.HibernateStatisticsConfig      : 준비된 문장 캐시 히트: 1121
2026-01-27T01:35:09.313+09:00  INFO 9824 --- [scheduling-1] c.p.f.c.c.HibernateStatisticsConfig      : 준비된 문장 캐시 미스: 39
2026-01-27T01:35:09.313+09:00  INFO 9824 --- [scheduling-1] c.p.f.c.c.HibernateStatisticsConfig      : 실행된 고유 쿼리 수: 42
2026-01-27T01:35:09.313+09:00  INFO 9824 --- [scheduling-1] c.p.f.c.c.HibernateStatisticsConfig      : ========================
2026-01-27T01:35:09.313+09:00  INFO 9824 --- [scheduling-1] c.p.f.c.c.HibernateStatisticsConfig      : === Hibernate 통계 정보 ===
2026-01-27T01:35:09.313+09:00  INFO 9824 --- [scheduling-1] c.p.f.c.c.HibernateStatisticsConfig      : 총 쿼리 실행 횟수: 615
2026-01-27T01:35:09.313+09:00  INFO 9824 --- [scheduling-1] c.p.f.c.c.HibernateStatisticsConfig      : 총 쿼리 실행 시간: 83ms
2026-01-27T01:35:09.313+09:00  INFO 9824 --- [scheduling-1] c.p.f.c.c.HibernateStatisticsConfig      : 평균 쿼리 실행 시간: 0ms
2026-01-27T01:35:09.313+09:00  INFO 9824 --- [scheduling-1] c.p.f.c.c.HibernateStatisticsConfig      : 총 엔티티 로드 횟수: 4459
2026-01-27T01:35:09.313+09:00  INFO 9824 --- [scheduling-1] c.p.f.c.c.HibernateStatisticsConfig      : 총 엔티티 페치 횟수: 408
2026-01-27T01:35:09.313+09:00  INFO 9824 --- [scheduling-1] c.p.f.c.c.HibernateStatisticsConfig      : 총 컬렉션 로드 횟수: 561
2026-01-27T01:35:09.313+09:00  INFO 9824 --- [scheduling-1] c.p.f.c.c.HibernateStatisticsConfig      : 총 컬렉션 페치 횟수: 561
2026-01-27T01:35:09.313+09:00  INFO 9824 --- [scheduling-1] c.p.f.c.c.HibernateStatisticsConfig      : 총 세션 열기 횟수: 1601
2026-01-27T01:35:09.313+09:00  INFO 9824 --- [scheduling-1] c.p.f.c.c.HibernateStatisticsConfig      : 총 세션 닫기 횟수: 1601
2026-01-27T01:35:09.313+09:00  INFO 9824 --- [scheduling-1] c.p.f.c.c.HibernateStatisticsConfig      : 총 트랜잭션 횟수: 879
2026-01-27T01:35:09.313+09:00  INFO 9824 --- [scheduling-1] c.p.f.c.c.HibernateStatisticsConfig      : 총 성공한 트랜잭션 횟수: 340
2026-01-27T01:35:09.313+09:00  INFO 9824 --- [scheduling-1] c.p.f.c.c.HibernateStatisticsConfig      : 연결 횟수: 1440
2026-01-27T01:35:09.313+09:00  INFO 9824 --- [scheduling-1] c.p.f.c.c.HibernateStatisticsConfig      : 준비된 문장 캐시 히트: 1121
2026-01-27T01:35:09.313+09:00  INFO 9824 --- [scheduling-1] c.p.f.c.c.HibernateStatisticsConfig      : 준비된 문장 캐시 미스: 39
2026-01-27T01:35:09.313+09:00  INFO 9824 --- [scheduling-1] c.p.f.c.c.HibernateStatisticsConfig      : 실행된 고유 쿼리 수: 42
2026-01-27T01:35:09.313+09:00  INFO 9824 --- [scheduling-1] c.p.f.c.c.HibernateStatisticsConfig      : ========================
2026-01-27T01:35:09.316+09:00  INFO 9824 --- [scheduling-1] c.p.f.c.c.HibernateStatisticsConfig      : === Hibernate 통계 정보 ===
2026-01-27T01:35:09.316+09:00  INFO 9824 --- [scheduling-1] c.p.f.c.c.HibernateStatisticsConfig      : 총 쿼리 실행 횟수: 615
2026-01-27T01:35:09.316+09:00  INFO 9824 --- [scheduling-1] c.p.f.c.c.HibernateStatisticsConfig      : 총 쿼리 실행 시간: 83ms
2026-01-27T01:35:09.316+09:00  INFO 9824 --- [scheduling-1] c.p.f.c.c.HibernateStatisticsConfig      : 평균 쿼리 실행 시간: 0ms
2026-01-27T01:35:09.316+09:00  INFO 9824 --- [scheduling-1] c.p.f.c.c.HibernateStatisticsConfig      : 총 엔티티 로드 횟수: 4459
2026-01-27T01:35:09.316+09:00  INFO 9824 --- [scheduling-1] c.p.f.c.c.HibernateStatisticsConfig      : 총 엔티티 페치 횟수: 408
2026-01-27T01:35:09.316+09:00  INFO 9824 --- [scheduling-1] c.p.f.c.c.HibernateStatisticsConfig      : 총 컬렉션 로드 횟수: 561
2026-01-27T01:35:09.316+09:00  INFO 9824 --- [scheduling-1] c.p.f.c.c.HibernateStatisticsConfig      : 총 컬렉션 페치 횟수: 561
2026-01-27T01:35:09.316+09:00  INFO 9824 --- [scheduling-1] c.p.f.c.c.HibernateStatisticsConfig      : 총 세션 열기 횟수: 1601
2026-01-27T01:35:09.316+09:00  INFO 9824 --- [scheduling-1] c.p.f.c.c.HibernateStatisticsConfig      : 총 세션 닫기 횟수: 1601
2026-01-27T01:35:09.316+09:00  INFO 9824 --- [scheduling-1] c.p.f.c.c.HibernateStatisticsConfig      : 총 트랜잭션 횟수: 879
2026-01-27T01:35:09.316+09:00  INFO 9824 --- [scheduling-1] c.p.f.c.c.HibernateStatisticsConfig      : 총 성공한 트랜잭션 횟수: 340
2026-01-27T01:35:09.316+09:00  INFO 9824 --- [scheduling-1] c.p.f.c.c.HibernateStatisticsConfig      : 연결 횟수: 1440
2026-01-27T01:35:09.316+09:00  INFO 9824 --- [scheduling-1] c.p.f.c.c.HibernateStatisticsConfig      : 준비된 문장 캐시 히트: 1121
2026-01-27T01:35:09.316+09:00  INFO 9824 --- [scheduling-1] c.p.f.c.c.HibernateStatisticsConfig      : 준비된 문장 캐시 미스: 39
2026-01-27T01:35:09.316+09:00  INFO 9824 --- [scheduling-1] c.p.f.c.c.HibernateStatisticsConfig      : 실행된 고유 쿼리 수: 42
2026-01-27T01:35:09.316+09:00  INFO 9824 --- [scheduling-1] c.p.f.c.c.HibernateStatisticsConfig      : ========================
2026-01-27T01:35:09.316+09:00  INFO 9824 --- [scheduling-1] c.p.f.c.c.HibernateStatisticsConfig      : === Hibernate 통계 정보 ===
2026-01-27T01:35:09.316+09:00  INFO 9824 --- [scheduling-1] c.p.f.c.c.HibernateStatisticsConfig      : 총 쿼리 실행 횟수: 615
2026-01-27T01:35:09.316+09:00  INFO 9824 --- [scheduling-1] c.p.f.c.c.HibernateStatisticsConfig      : 총 쿼리 실행 시간: 83ms
2026-01-27T01:35:09.316+09:00  INFO 9824 --- [scheduling-1] c.p.f.c.c.HibernateStatisticsConfig      : 평균 쿼리 실행 시간: 0ms
2026-01-27T01:35:09.316+09:00  INFO 9824 --- [scheduling-1] c.p.f.c.c.HibernateStatisticsConfig      : 총 엔티티 로드 횟수: 4459
2026-01-27T01:35:09.316+09:00  INFO 9824 --- [scheduling-1] c.p.f.c.c.HibernateStatisticsConfig      : 총 엔티티 페치 횟수: 408
2026-01-27T01:35:09.316+09:00  INFO 9824 --- [scheduling-1] c.p.f.c.c.HibernateStatisticsConfig      : 총 컬렉션 로드 횟수: 561
2026-01-27T01:35:09.316+09:00  INFO 9824 --- [scheduling-1] c.p.f.c.c.HibernateStatisticsConfig      : 총 컬렉션 페치 횟수: 561
2026-01-27T01:35:09.316+09:00  INFO 9824 --- [scheduling-1] c.p.f.c.c.HibernateStatisticsConfig      : 총 세션 열기 횟수: 1601
2026-01-27T01:35:09.316+09:00  INFO 9824 --- [scheduling-1] c.p.f.c.c.HibernateStatisticsConfig      : 총 세션 닫기 횟수: 1601
2026-01-27T01:35:09.316+09:00  INFO 9824 --- [scheduling-1] c.p.f.c.c.HibernateStatisticsConfig      : 총 트랜잭션 횟수: 879
2026-01-27T01:35:09.316+09:00  INFO 9824 --- [scheduling-1] c.p.f.c.c.HibernateStatisticsConfig      : 총 성공한 트랜잭션 횟수: 340
2026-01-27T01:35:09.316+09:00  INFO 9824 --- [scheduling-1] c.p.f.c.c.HibernateStatisticsConfig      : 연결 횟수: 1440
2026-01-27T01:35:09.316+09:00  INFO 9824 --- [scheduling-1] c.p.f.c.c.HibernateStatisticsConfig      : 준비된 문장 캐시 히트: 1121
2026-01-27T01:35:09.316+09:00  INFO 9824 --- [scheduling-1] c.p.f.c.c.HibernateStatisticsConfig      : 준비된 문장 캐시 미스: 39
2026-01-27T01:35:09.316+09:00  INFO 9824 --- [scheduling-1] c.p.f.c.c.HibernateStatisticsConfig      : 실행된 고유 쿼리 수: 42
2026-01-27T01:35:09.316+09:00  INFO 9824 --- [scheduling-1] c.p.f.c.c.HibernateStatisticsConfig      : ========================
2026-01-27T01:35:09.316+09:00  INFO 9824 --- [scheduling-1] c.p.f.c.c.HibernateStatisticsConfig      : === Hibernate 통계 정보 ===
2026-01-27T01:35:09.316+09:00  INFO 9824 --- [scheduling-1] c.p.f.c.c.HibernateStatisticsConfig      : 총 쿼리 실행 횟수: 615
2026-01-27T01:35:09.316+09:00  INFO 9824 --- [scheduling-1] c.p.f.c.c.HibernateStatisticsConfig      : 총 쿼리 실행 시간: 83ms
2026-01-27T01:35:09.316+09:00  INFO 9824 --- [scheduling-1] c.p.f.c.c.HibernateStatisticsConfig      : 평균 쿼리 실행 시간: 0ms
2026-01-27T01:35:09.320+09:00  INFO 9824 --- [scheduling-1] c.p.f.c.c.HibernateStatisticsConfig      : 총 엔티티 로드 횟수: 4459
2026-01-27T01:35:09.321+09:00  INFO 9824 --- [scheduling-1] c.p.f.c.c.HibernateStatisticsConfig      : 총 엔티티 페치 횟수: 408
2026-01-27T01:35:09.321+09:00  INFO 9824 --- [scheduling-1] c.p.f.c.c.HibernateStatisticsConfig      : 총 컬렉션 로드 횟수: 561
2026-01-27T01:35:09.321+09:00  INFO 9824 --- [scheduling-1] c.p.f.c.c.HibernateStatisticsConfig      : 총 컬렉션 페치 횟수: 561
2026-01-27T01:35:09.321+09:00  INFO 9824 --- [scheduling-1] c.p.f.c.c.HibernateStatisticsConfig      : 총 세션 열기 횟수: 1601
2026-01-27T01:35:09.321+09:00  INFO 9824 --- [scheduling-1] c.p.f.c.c.HibernateStatisticsConfig      : 총 세션 닫기 횟수: 1601
2026-01-27T01:35:09.321+09:00  INFO 9824 --- [scheduling-1] c.p.f.c.c.HibernateStatisticsConfig      : 총 트랜잭션 횟수: 879
2026-01-27T01:35:09.321+09:00  INFO 9824 --- [scheduling-1] c.p.f.c.c.HibernateStatisticsConfig      : 총 성공한 트랜잭션 횟수: 340
2026-01-27T01:35:09.321+09:00  INFO 9824 --- [scheduling-1] c.p.f.c.c.HibernateStatisticsConfig      : 연결 횟수: 1440
2026-01-27T01:35:09.321+09:00  INFO 9824 --- [scheduling-1] c.p.f.c.c.HibernateStatisticsConfig      : 준비된 문장 캐시 히트: 1121
2026-01-27T01:35:09.321+09:00  INFO 9824 --- [scheduling-1] c.p.f.c.c.HibernateStatisticsConfig      : 준비된 문장 캐시 미스: 39
2026-01-27T01:35:09.321+09:00  INFO 9824 --- [scheduling-1] c.p.f.c.c.HibernateStatisticsConfig      : 실행된 고유 쿼리 수: 42
2026-01-27T01:35:09.321+09:00  INFO 9824 --- [scheduling-1] c.p.f.c.c.HibernateStatisticsConfig      : ========================
2026-01-27T01:35:28.868+09:00  INFO 9824 --- [SpringApplicationShutdownHook] j.LocalContainerEntityManagerFactoryBean : Closing JPA EntityManagerFactory for persistence unit 'default'
2026-01-27T01:35:28.873+09:00  INFO 9824 --- [SpringApplicationShutdownHook] com.zaxxer.hikari.HikariDataSource       : HikariPool-1 - Shutdown initiated...
2026-01-27T01:35:28.881+09:00  INFO 9824 --- [SpringApplicationShutdownHook] com.zaxxer.hikari.HikariDataSource       : HikariPool-1 - Shutdown completed.
2026-01-27T01:35:34.563+09:00  INFO 26796 --- [main] c.p.f.FinalProjectApplication            : Starting FinalProjectApplication using Java 17.0.13 with PID 26796 (C:\Users\pyoya\Desktop\MyLittleSchool-backend-dev\build\classes\java\main started by pyoya in C:\Users\pyoya\Desktop\MyLittleSchool-backend-dev)
2026-01-27T01:35:34.565+09:00  INFO 26796 --- [main] c.p.f.FinalProjectApplication            : The following 1 profile is active: "dev"
2026-01-27T01:35:36.243+09:00  INFO 26796 --- [main] .s.d.r.c.RepositoryConfigurationDelegate : Multiple Spring Data modules found, entering strict repository configuration mode
2026-01-27T01:35:36.245+09:00  INFO 26796 --- [main] .s.d.r.c.RepositoryConfigurationDelegate : Bootstrapping Spring Data JPA repositories in DEFAULT mode.
2026-01-27T01:35:36.516+09:00  INFO 26796 --- [main] .s.d.r.c.RepositoryConfigurationDelegate : Finished Spring Data repository scanning in 262 ms. Found 20 JPA repository interfaces.
2026-01-27T01:35:36.531+09:00  INFO 26796 --- [main] .s.d.r.c.RepositoryConfigurationDelegate : Multiple Spring Data modules found, entering strict repository configuration mode
2026-01-27T01:35:36.532+09:00  INFO 26796 --- [main] .s.d.r.c.RepositoryConfigurationDelegate : Bootstrapping Spring Data Redis repositories in DEFAULT mode.
2026-01-27T01:35:36.576+09:00  INFO 26796 --- [main] .RepositoryConfigurationExtensionSupport : Spring Data Redis - Could not safely identify store assignment for repository candidate interface com.project.final_project.avatar.repository.AvatarRepository; If you want this repository to be a Redis repository, consider annotating your entities with one of these annotations: org.springframework.data.redis.core.RedisHash (preferred), or consider extending one of the following types with your repository: org.springframework.data.keyvalue.repository.KeyValueRepository
2026-01-27T01:35:36.576+09:00  INFO 26796 --- [main] .RepositoryConfigurationExtensionSupport : Spring Data Redis - Could not safely identify store assignment for repository candidate interface com.project.final_project.boardlikemanager.repository.BoardLikeRepository; If you want this repository to be a Redis repository, consider annotating your entities with one of these annotations: org.springframework.data.redis.core.RedisHash (preferred), or consider extending one of the following types with your repository: org.springframework.data.keyvalue.repository.KeyValueRepository
2026-01-27T01:35:36.576+09:00  INFO 26796 --- [main] .RepositoryConfigurationExtensionSupport : Spring Data Redis - Could not safely identify store assignment for repository candidate interface com.project.final_project.board.repository.BoardRepository; If you want this repository to be a Redis repository, consider annotating your entities with one of these annotations: org.springframework.data.redis.core.RedisHash (preferred), or consider extending one of the following types with your repository: org.springframework.data.keyvalue.repository.KeyValueRepository
2026-01-27T01:35:36.577+09:00  INFO 26796 --- [main] .RepositoryConfigurationExtensionSupport : Spring Data Redis - Could not safely identify store assignment for repository candidate interface com.project.final_project.chatlog.repository.ChatLogRepository; If you want this repository to be a Redis repository, consider annotating your entities with one of these annotations: org.springframework.data.redis.core.RedisHash (preferred), or consider extending one of the following types with your repository: org.springframework.data.keyvalue.repository.KeyValueRepository
2026-01-27T01:35:36.577+09:00  INFO 26796 --- [main] .RepositoryConfigurationExtensionSupport : Spring Data Redis - Could not safely identify store assignment for repository candidate interface com.project.final_project.chatlog.repository.lastprocessedstatus.LastProcessedStatusRepository; If you want this repository to be a Redis repository, consider annotating your entities with one of these annotations: org.springframework.data.redis.core.RedisHash (preferred), or consider extending one of the following types with your repository: org.springframework.data.keyvalue.repository.KeyValueRepository
2026-01-27T01:35:36.577+09:00  INFO 26796 --- [main] .RepositoryConfigurationExtensionSupport : Spring Data Redis - Could not safely identify store assignment for repository candidate interface com.project.final_project.comment.repository.CommentRepository; If you want this repository to be a Redis repository, consider annotating your entities with one of these annotations: org.springframework.data.redis.core.RedisHash (preferred), or consider extending one of the following types with your repository: org.springframework.data.keyvalue.repository.KeyValueRepository
2026-01-27T01:35:36.577+09:00  INFO 26796 --- [main] .RepositoryConfigurationExtensionSupport : Spring Data Redis - Could not safely identify store assignment for repository candidate interface com.project.final_project.friendship.repository.FriendshipRepository; If you want this repository to be a Redis repository, consider annotating your entities with one of these annotations: org.springframework.data.redis.core.RedisHash (preferred), or consider extending one of the following types with your repository: org.springframework.data.keyvalue.repository.KeyValueRepository
2026-01-27T01:35:36.578+09:00  INFO 26796 --- [main] .RepositoryConfigurationExtensionSupport : Spring Data Redis - Could not safely identify store assignment for repository candidate interface com.project.final_project.furniture.repository.FurnitureRepository; If you want this repository to be a Redis repository, consider annotating your entities with one of these annotations: org.springframework.data.redis.core.RedisHash (preferred), or consider extending one of the following types with your repository: org.springframework.data.keyvalue.repository.KeyValueRepository
2026-01-27T01:35:36.578+09:00  INFO 26796 --- [main] .RepositoryConfigurationExtensionSupport : Spring Data Redis - Could not safely identify store assignment for repository candidate interface com.project.final_project.gallery.repository.GalleryRepository; If you want this repository to be a Redis repository, consider annotating your entities with one of these annotations: org.springframework.data.redis.core.RedisHash (preferred), or consider extending one of the following types with your repository: org.springframework.data.keyvalue.repository.KeyValueRepository
2026-01-27T01:35:36.578+09:00  INFO 26796 --- [main] .RepositoryConfigurationExtensionSupport : Spring Data Redis - Could not safely identify store assignment for repository candidate interface com.project.final_project.guestbook.repository.GuestBookRepository; If you want this repository to be a Redis repository, consider annotating your entities with one of these annotations: org.springframework.data.redis.core.RedisHash (preferred), or consider extending one of the following types with your repository: org.springframework.data.keyvalue.repository.KeyValueRepository
2026-01-27T01:35:36.578+09:00  INFO 26796 --- [main] .RepositoryConfigurationExtensionSupport : Spring Data Redis - Could not safely identify store assignment for repository candidate interface com.project.final_project.inventory.repository.InventoryRepository; If you want this repository to be a Redis repository, consider annotating your entities with one of these annotations: org.springframework.data.redis.core.RedisHash (preferred), or consider extending one of the following types with your repository: org.springframework.data.keyvalue.repository.KeyValueRepository
2026-01-27T01:35:36.579+09:00  INFO 26796 --- [main] .RepositoryConfigurationExtensionSupport : Spring Data Redis - Could not safely identify store assignment for repository candidate interface com.project.final_project.item.repository.ItemRepository; If you want this repository to be a Redis repository, consider annotating your entities with one of these annotations: org.springframework.data.redis.core.RedisHash (preferred), or consider extending one of the following types with your repository: org.springframework.data.keyvalue.repository.KeyValueRepository
2026-01-27T01:35:36.579+09:00  INFO 26796 --- [main] .RepositoryConfigurationExtensionSupport : Spring Data Redis - Could not safely identify store assignment for repository candidate interface com.project.final_project.mapcontest.repository.MapContestRepository; If you want this repository to be a Redis repository, consider annotating your entities with one of these annotations: org.springframework.data.redis.core.RedisHash (preferred), or consider extending one of the following types with your repository: org.springframework.data.keyvalue.repository.KeyValueRepository
2026-01-27T01:35:36.579+09:00  INFO 26796 --- [main] .RepositoryConfigurationExtensionSupport : Spring Data Redis - Could not safely identify store assignment for repository candidate interface com.project.final_project.note.repository.NoteRepository; If you want this repository to be a Redis repository, consider annotating your entities with one of these annotations: org.springframework.data.redis.core.RedisHash (preferred), or consider extending one of the following types with your repository: org.springframework.data.keyvalue.repository.KeyValueRepository
2026-01-27T01:35:36.579+09:00  INFO 26796 --- [main] .RepositoryConfigurationExtensionSupport : Spring Data Redis - Could not safely identify store assignment for repository candidate interface com.project.final_project.quest.repository.QuestItemRewardInfoRepository; If you want this repository to be a Redis repository, consider annotating your entities with one of these annotations: org.springframework.data.redis.core.RedisHash (preferred), or consider extending one of the following types with your repository: org.springframework.data.keyvalue.repository.KeyValueRepository
2026-01-27T01:35:36.579+09:00  INFO 26796 --- [main] .RepositoryConfigurationExtensionSupport : Spring Data Redis - Could not safely identify store assignment for repository candidate interface com.project.final_project.quest.repository.QuestRepository; If you want this repository to be a Redis repository, consider annotating your entities with one of these annotations: org.springframework.data.redis.core.RedisHash (preferred), or consider extending one of the following types with your repository: org.springframework.data.keyvalue.repository.KeyValueRepository
2026-01-27T01:35:36.580+09:00  INFO 26796 --- [main] .RepositoryConfigurationExtensionSupport : Spring Data Redis - Could not safely identify store assignment for repository candidate interface com.project.final_project.quest.repository.UserQuestRepository; If you want this repository to be a Redis repository, consider annotating your entities with one of these annotations: org.springframework.data.redis.core.RedisHash (preferred), or consider extending one of the following types with your repository: org.springframework.data.keyvalue.repository.KeyValueRepository
2026-01-27T01:35:36.580+09:00  INFO 26796 --- [main] .RepositoryConfigurationExtensionSupport : Spring Data Redis - Could not safely identify store assignment for repository candidate interface com.project.final_project.school.repository.SchoolRepository; If you want this repository to be a Redis repository, consider annotating your entities with one of these annotations: org.springframework.data.redis.core.RedisHash (preferred), or consider extending one of the following types with your repository: org.springframework.data.keyvalue.repository.KeyValueRepository
2026-01-27T01:35:36.580+09:00  INFO 26796 --- [main] .RepositoryConfigurationExtensionSupport : Spring Data Redis - Could not safely identify store assignment for repository candidate interface com.project.final_project.userposvisitcount.repository.UserPosVisitCountRepository; If you want this repository to be a Redis repository, consider annotating your entities with one of these annotations: org.springframework.data.redis.core.RedisHash (preferred), or consider extending one of the following types with your repository: org.springframework.data.keyvalue.repository.KeyValueRepository
2026-01-27T01:35:36.580+09:00  INFO 26796 --- [main] .RepositoryConfigurationExtensionSupport : Spring Data Redis - Could not safely identify store assignment for repository candidate interface com.project.final_project.user.repository.UserRepository; If you want this repository to be a Redis repository, consider annotating your entities with one of these annotations: org.springframework.data.redis.core.RedisHash (preferred), or consider extending one of the following types with your repository: org.springframework.data.keyvalue.repository.KeyValueRepository
2026-01-27T01:35:36.581+09:00  INFO 26796 --- [main] .s.d.r.c.RepositoryConfigurationDelegate : Finished Spring Data repository scanning in 38 ms. Found 0 Redis repository interfaces.
2026-01-27T01:35:37.072+09:00  WARN 26796 --- [main] trationDelegate$BeanPostProcessorChecker : Bean 'org.springframework.ws.config.annotation.DelegatingWsConfiguration' of type [org.springframework.ws.config.annotation.DelegatingWsConfiguration$$SpringCGLIB$$0] is not eligible for getting processed by all BeanPostProcessors (for example: not eligible for auto-proxying). The currently created BeanPostProcessor [annotationActionEndpointMapping] is declared through a non-static factory method on that class; consider declaring it as static instead.
2026-01-27T01:35:37.160+09:00  INFO 26796 --- [main] .w.s.a.s.AnnotationActionEndpointMapping : Supporting [WS-Addressing August 2004, WS-Addressing 1.0]
2026-01-27T01:35:37.372+09:00  WARN 26796 --- [main] trationDelegate$BeanPostProcessorChecker : Bean 'jobRegistry' of type [org.springframework.batch.core.configuration.support.MapJobRegistry] is not eligible for getting processed by all BeanPostProcessors (for example: not eligible for auto-proxying). Is this bean getting eagerly injected into a currently created BeanPostProcessor [jobRegistryBeanPostProcessor]? Check the corresponding BeanPostProcessor declaration and its dependencies.
2026-01-27T01:35:37.911+09:00  INFO 26796 --- [main] o.s.b.w.embedded.tomcat.TomcatWebServer  : Tomcat initialized with port 8080 (http)
2026-01-27T01:35:37.930+09:00  INFO 26796 --- [main] o.apache.catalina.core.StandardService   : Starting service [Tomcat]
2026-01-27T01:35:37.931+09:00  INFO 26796 --- [main] o.apache.catalina.core.StandardEngine    : Starting Servlet engine: [Apache Tomcat/10.1.30]
2026-01-27T01:35:38.037+09:00  INFO 26796 --- [main] o.a.c.c.C.[Tomcat].[localhost].[/]       : Initializing Spring embedded WebApplicationContext
2026-01-27T01:35:38.037+09:00  INFO 26796 --- [main] w.s.c.ServletWebServerApplicationContext : Root WebApplicationContext: initialization completed in 3407 ms
2026-01-27T01:35:39.133+09:00  INFO 26796 --- [main] o.s.o.j.p.SpringPersistenceUnitInfo      : No LoadTimeWeaver setup: ignoring JPA class transformer
2026-01-27T01:35:39.175+09:00  INFO 26796 --- [main] com.zaxxer.hikari.HikariDataSource       : HikariPool-1 - Starting...
2026-01-27T01:35:39.555+09:00  INFO 26796 --- [main] com.zaxxer.hikari.pool.HikariPool        : HikariPool-1 - Added connection com.mysql.cj.jdbc.ConnectionImpl@2e564c78
2026-01-27T01:35:39.558+09:00  INFO 26796 --- [main] com.zaxxer.hikari.HikariDataSource       : HikariPool-1 - Start completed.
2026-01-27T01:35:39.645+09:00  WARN 26796 --- [main] org.hibernate.orm.deprecation            : HHH90000025: MySQLDialect does not need to be specified explicitly using 'hibernate.dialect' (remove the property setting and it will be selected by default)
2026-01-27T01:35:41.347+09:00  INFO 26796 --- [main] j.LocalContainerEntityManagerFactoryBean : Initialized JPA EntityManagerFactory for persistence unit 'default'
2026-01-27T01:35:41.725+09:00  INFO 26796 --- [main] o.s.d.j.r.query.QueryEnhancerFactory     : Hibernate is in classpath; If applicable, HQL parser will be used.
2026-01-27T01:35:43.155+09:00  INFO 26796 --- [main] c.p.f.c.c.HibernateStatisticsConfig      : Hibernate 통계 수집이 활성화되었습니다.
2026-01-27T01:35:43.400+09:00  INFO 26796 --- [main] c.p.final_project.common.init.Init       : 학교 데이터가 이미 존재합니다. 초기화를 건너뜁니다.
2026-01-27T01:35:43.410+09:00  INFO 26796 --- [main] c.p.final_project.common.init.Init       : 아이템 데이터가 이미 존재합니다. 초기화를 건너뜁니다.
2026-01-27T01:35:43.417+09:00  INFO 26796 --- [main] c.p.final_project.common.init.Init       : 퀘스트 데이터가 이미 존재합니다. 초기화를 건너뜁니다.
2026-01-27T01:35:44.097+09:00  WARN 26796 --- [main] JpaBaseConfiguration$JpaWebConfiguration : spring.jpa.open-in-view is enabled by default. Therefore, database queries may be performed during view rendering. Explicitly configure spring.jpa.open-in-view to disable this warning
2026-01-27T01:35:44.147+09:00  WARN 26796 --- [main] .s.s.UserDetailsServiceAutoConfiguration : 

Using generated security password: 7a67be1e-00e4-4e98-b921-b8534f303767

This generated password is for development use only. Your security configuration must be updated before running your application in production.

2026-01-27T01:35:44.171+09:00  INFO 26796 --- [main] r$InitializeUserDetailsManagerConfigurer : Global AuthenticationManager configured with UserDetailsService bean with name inMemoryUserDetailsManager
2026-01-27T01:35:44.325+09:00  INFO 26796 --- [main] o.s.b.a.w.s.WelcomePageHandlerMapping    : Adding welcome page template: index
2026-01-27T01:35:44.798+09:00  INFO 26796 --- [main] o.s.b.a.e.web.EndpointLinksResolver      : Exposing 5 endpoints beneath base path '/actuator'
2026-01-27T01:35:45.943+09:00  INFO 26796 --- [main] o.s.b.w.embedded.tomcat.TomcatWebServer  : Tomcat started on port 8080 (http) with context path '/'
2026-01-27T01:35:45.962+09:00  INFO 26796 --- [main] c.p.f.FinalProjectApplication            : Started FinalProjectApplication in 12.039 seconds (process running for 13.107)
2026-01-27T01:35:45.969+09:00  INFO 26796 --- [scheduling-1] c.p.f.c.c.HibernateStatisticsConfig      : === Hibernate 통계 정보 ===
2026-01-27T01:35:45.969+09:00  INFO 26796 --- [scheduling-1] c.p.f.c.c.HibernateStatisticsConfig      : 총 쿼리 실행 횟수: 3
2026-01-27T01:35:45.971+09:00  INFO 26796 --- [scheduling-1] c.p.f.c.c.HibernateStatisticsConfig      : 총 쿼리 실행 시간: 119ms
2026-01-27T01:35:45.971+09:00  INFO 26796 --- [scheduling-1] c.p.f.c.c.HibernateStatisticsConfig      : 평균 쿼리 실행 시간: 39ms
2026-01-27T01:35:45.971+09:00  INFO 26796 --- [scheduling-1] c.p.f.c.c.HibernateStatisticsConfig      : 총 엔티티 로드 횟수: 3337
2026-01-27T01:35:45.971+09:00  INFO 26796 --- [scheduling-1] c.p.f.c.c.HibernateStatisticsConfig      : 총 엔티티 페치 횟수: 0
2026-01-27T01:35:45.971+09:00  INFO 26796 --- [scheduling-1] c.p.f.c.c.HibernateStatisticsConfig      : 총 컬렉션 로드 횟수: 0
2026-01-27T01:35:45.971+09:00  INFO 26796 --- [scheduling-1] c.p.f.c.c.HibernateStatisticsConfig      : 총 컬렉션 페치 횟수: 0
2026-01-27T01:35:45.971+09:00  INFO 26796 --- [scheduling-1] c.p.f.c.c.HibernateStatisticsConfig      : 총 세션 열기 횟수: 164
2026-01-27T01:35:45.972+09:00  INFO 26796 --- [scheduling-1] c.p.f.c.c.HibernateStatisticsConfig      : 총 세션 닫기 횟수: 164
2026-01-27T01:35:45.972+09:00  INFO 26796 --- [scheduling-1] c.p.f.c.c.HibernateStatisticsConfig      : 총 트랜잭션 횟수: 3
2026-01-27T01:35:45.972+09:00  INFO 26796 --- [scheduling-1] c.p.f.c.c.HibernateStatisticsConfig      : 총 성공한 트랜잭션 횟수: 3
2026-01-27T01:35:45.972+09:00  INFO 26796 --- [scheduling-1] c.p.f.c.c.HibernateStatisticsConfig      : 연결 횟수: 3
2026-01-27T01:35:45.972+09:00  INFO 26796 --- [scheduling-1] c.p.f.c.c.HibernateStatisticsConfig      : 준비된 문장 캐시 히트: 0
2026-01-27T01:35:45.972+09:00  INFO 26796 --- [scheduling-1] c.p.f.c.c.HibernateStatisticsConfig      : 준비된 문장 캐시 미스: 38
2026-01-27T01:35:45.974+09:00  INFO 26796 --- [scheduling-1] c.p.f.c.c.HibernateStatisticsConfig      : 실행된 고유 쿼리 수: 41
2026-01-27T01:35:45.975+09:00  INFO 26796 --- [scheduling-1] c.p.f.c.c.HibernateStatisticsConfig      : ========================
2026-01-27T01:35:46.101+09:00 ERROR 26796 --- [scheduling-1] c.p.f.common.config.ChatLogScheduler     : Job 실행 중 오류 발생 for userId 9: PreparedStatementCallback; bad SQL grammar [SELECT JOB_INSTANCE_ID, JOB_NAME
FROM BATCH_JOB_INSTANCE
WHERE JOB_NAME = ?
 and JOB_KEY = ?]
2026-01-27T01:35:46.111+09:00 ERROR 26796 --- [scheduling-1] c.p.f.common.config.ChatLogScheduler     : Job 실행 중 오류 발생 for userId 10: PreparedStatementCallback; bad SQL grammar [SELECT JOB_INSTANCE_ID, JOB_NAME
FROM BATCH_JOB_INSTANCE
WHERE JOB_NAME = ?
 and JOB_KEY = ?]
2026-01-27T01:35:46.118+09:00 ERROR 26796 --- [scheduling-1] c.p.f.common.config.ChatLogScheduler     : Job 실행 중 오류 발생 for userId 11: PreparedStatementCallback; bad SQL grammar [SELECT JOB_INSTANCE_ID, JOB_NAME
FROM BATCH_JOB_INSTANCE
WHERE JOB_NAME = ?
 and JOB_KEY = ?]
2026-01-27T01:35:46.123+09:00 ERROR 26796 --- [scheduling-1] c.p.f.common.config.ChatLogScheduler     : Job 실행 중 오류 발생 for userId 12: PreparedStatementCallback; bad SQL grammar [SELECT JOB_INSTANCE_ID, JOB_NAME
FROM BATCH_JOB_INSTANCE
WHERE JOB_NAME = ?
 and JOB_KEY = ?]
2026-01-27T01:35:46.130+09:00 ERROR 26796 --- [scheduling-1] c.p.f.common.config.ChatLogScheduler     : Job 실행 중 오류 발생 for userId 13: PreparedStatementCallback; bad SQL grammar [SELECT JOB_INSTANCE_ID, JOB_NAME
FROM BATCH_JOB_INSTANCE
WHERE JOB_NAME = ?
 and JOB_KEY = ?]
2026-01-27T01:35:46.136+09:00 ERROR 26796 --- [scheduling-1] c.p.f.common.config.ChatLogScheduler     : Job 실행 중 오류 발생 for userId 14: PreparedStatementCallback; bad SQL grammar [SELECT JOB_INSTANCE_ID, JOB_NAME
FROM BATCH_JOB_INSTANCE
WHERE JOB_NAME = ?
 and JOB_KEY = ?]
2026-01-27T01:35:46.142+09:00 ERROR 26796 --- [scheduling-1] c.p.f.common.config.ChatLogScheduler     : Job 실행 중 오류 발생 for userId 15: PreparedStatementCallback; bad SQL grammar [SELECT JOB_INSTANCE_ID, JOB_NAME
FROM BATCH_JOB_INSTANCE
WHERE JOB_NAME = ?
 and JOB_KEY = ?]
2026-01-27T01:35:46.148+09:00 ERROR 26796 --- [scheduling-1] c.p.f.common.config.ChatLogScheduler     : Job 실행 중 오류 발생 for userId 16: PreparedStatementCallback; bad SQL grammar [SELECT JOB_INSTANCE_ID, JOB_NAME
FROM BATCH_JOB_INSTANCE
WHERE JOB_NAME = ?
 and JOB_KEY = ?]
2026-01-27T01:35:46.155+09:00 ERROR 26796 --- [scheduling-1] c.p.f.common.config.ChatLogScheduler     : Job 실행 중 오류 발생 for userId 17: PreparedStatementCallback; bad SQL grammar [SELECT JOB_INSTANCE_ID, JOB_NAME
FROM BATCH_JOB_INSTANCE
WHERE JOB_NAME = ?
 and JOB_KEY = ?]
2026-01-27T01:35:46.162+09:00 ERROR 26796 --- [scheduling-1] c.p.f.common.config.ChatLogScheduler     : Job 실행 중 오류 발생 for userId 18: PreparedStatementCallback; bad SQL grammar [SELECT JOB_INSTANCE_ID, JOB_NAME
FROM BATCH_JOB_INSTANCE
WHERE JOB_NAME = ?
 and JOB_KEY = ?]
2026-01-27T01:35:46.169+09:00 ERROR 26796 --- [scheduling-1] c.p.f.common.config.ChatLogScheduler     : Job 실행 중 오류 발생 for userId 19: PreparedStatementCallback; bad SQL grammar [SELECT JOB_INSTANCE_ID, JOB_NAME
FROM BATCH_JOB_INSTANCE
WHERE JOB_NAME = ?
 and JOB_KEY = ?]
2026-01-27T01:35:46.382+09:00  INFO 26796 --- [RMI TCP Connection(1)-172.30.1.100] o.a.c.c.C.[Tomcat].[localhost].[/]       : Initializing Spring DispatcherServlet 'dispatcherServlet'
2026-01-27T01:35:46.383+09:00  INFO 26796 --- [RMI TCP Connection(1)-172.30.1.100] o.s.web.servlet.DispatcherServlet        : Initializing Servlet 'dispatcherServlet'
2026-01-27T01:35:46.386+09:00  INFO 26796 --- [RMI TCP Connection(1)-172.30.1.100] o.s.web.servlet.DispatcherServlet        : Completed initialization in 3 ms
2026-01-27T01:35:46.991+09:00  WARN 26796 --- [RMI TCP Connection(2)-172.30.1.100] o.s.b.a.data.redis.RedisHealthIndicator  : Redis health check failed

org.springframework.data.redis.RedisConnectionFailureException: Unable to connect to Redis
	at org.springframework.data.redis.connection.lettuce.LettuceConnectionFactory$ExceptionTranslatingConnectionProvider.translateException(LettuceConnectionFactory.java:1849) ~[spring-data-redis-3.3.4.jar:3.3.4]
	at org.springframework.data.redis.connection.lettuce.LettuceConnectionFactory$ExceptionTranslatingConnectionProvider.getConnection(LettuceConnectionFactory.java:1780) ~[spring-data-redis-3.3.4.jar:3.3.4]
	at org.springframework.data.redis.connection.lettuce.LettuceConnectionFactory$SharedConnection.getNativeConnection(LettuceConnectionFactory.java:1582) ~[spring-data-redis-3.3.4.jar:3.3.4]
	at org.springframework.data.redis.connection.lettuce.LettuceConnectionFactory$SharedConnection.lambda$getConnection$0(LettuceConnectionFactory.java:1562) ~[spring-data-redis-3.3.4.jar:3.3.4]
	at org.springframework.data.redis.connection.lettuce.LettuceConnectionFactory.doInLock(LettuceConnectionFactory.java:1523) ~[spring-data-redis-3.3.4.jar:3.3.4]
	at org.springframework.data.redis.connection.lettuce.LettuceConnectionFactory$SharedConnection.getConnection(LettuceConnectionFactory.java:1559) ~[spring-data-redis-3.3.4.jar:3.3.4]
	at org.springframework.data.redis.connection.lettuce.LettuceConnectionFactory.getSharedConnection(LettuceConnectionFactory.java:1245) ~[spring-data-redis-3.3.4.jar:3.3.4]
	at org.springframework.data.redis.connection.lettuce.LettuceConnectionFactory.getConnection(LettuceConnectionFactory.java:1051) ~[spring-data-redis-3.3.4.jar:3.3.4]
	at org.springframework.data.redis.core.RedisConnectionUtils.fetchConnection(RedisConnectionUtils.java:195) ~[spring-data-redis-3.3.4.jar:3.3.4]
	at org.springframework.data.redis.core.RedisConnectionUtils.doGetConnection(RedisConnectionUtils.java:144) ~[spring-data-redis-3.3.4.jar:3.3.4]
	at org.springframework.data.redis.core.RedisConnectionUtils.getConnection(RedisConnectionUtils.java:105) ~[spring-data-redis-3.3.4.jar:3.3.4]
	at org.springframework.data.redis.core.RedisConnectionUtils.getConnection(RedisConnectionUtils.java:92) ~[spring-data-redis-3.3.4.jar:3.3.4]
	at org.springframework.boot.actuate.data.redis.RedisHealthIndicator.doHealthCheck(RedisHealthIndicator.java:49) ~[spring-boot-actuator-3.3.4.jar:3.3.4]
	at org.springframework.boot.actuate.health.AbstractHealthIndicator.health(AbstractHealthIndicator.java:82) ~[spring-boot-actuator-3.3.4.jar:3.3.4]
	at org.springframework.boot.actuate.health.HealthIndicator.getHealth(HealthIndicator.java:37) ~[spring-boot-actuator-3.3.4.jar:3.3.4]
	at org.springframework.boot.actuate.health.HealthEndpoint.getHealth(HealthEndpoint.java:82) ~[spring-boot-actuator-3.3.4.jar:3.3.4]
	at org.springframework.boot.actuate.health.HealthEndpoint.getHealth(HealthEndpoint.java:41) ~[spring-boot-actuator-3.3.4.jar:3.3.4]
	at org.springframework.boot.actuate.health.HealthEndpointSupport.getLoggedHealth(HealthEndpointSupport.java:172) ~[spring-boot-actuator-3.3.4.jar:3.3.4]
	at org.springframework.boot.actuate.health.HealthEndpointSupport.getContribution(HealthEndpointSupport.java:145) ~[spring-boot-actuator-3.3.4.jar:3.3.4]
	at org.springframework.boot.actuate.health.HealthEndpointSupport.getAggregateContribution(HealthEndpointSupport.java:156) ~[spring-boot-actuator-3.3.4.jar:3.3.4]
	at org.springframework.boot.actuate.health.HealthEndpointSupport.getContribution(HealthEndpointSupport.java:141) ~[spring-boot-actuator-3.3.4.jar:3.3.4]
	at org.springframework.boot.actuate.health.HealthEndpointSupport.getHealth(HealthEndpointSupport.java:110) ~[spring-boot-actuator-3.3.4.jar:3.3.4]
	at org.springframework.boot.actuate.health.HealthEndpointSupport.getHealth(HealthEndpointSupport.java:81) ~[spring-boot-actuator-3.3.4.jar:3.3.4]
	at org.springframework.boot.actuate.health.HealthEndpoint.health(HealthEndpoint.java:76) ~[spring-boot-actuator-3.3.4.jar:3.3.4]
	at org.springframework.boot.actuate.health.HealthEndpoint.health(HealthEndpoint.java:66) ~[spring-boot-actuator-3.3.4.jar:3.3.4]
	at java.base/jdk.internal.reflect.NativeMethodAccessorImpl.invoke0(Native Method) ~[na:na]
	at java.base/jdk.internal.reflect.NativeMethodAccessorImpl.invoke(NativeMethodAccessorImpl.java:77) ~[na:na]
	at java.base/jdk.internal.reflect.DelegatingMethodAccessorImpl.invoke(DelegatingMethodAccessorImpl.java:43) ~[na:na]
	at java.base/java.lang.reflect.Method.invoke(Method.java:569) ~[na:na]
	at org.springframework.util.ReflectionUtils.invokeMethod(ReflectionUtils.java:281) ~[spring-core-6.1.13.jar:6.1.13]
	at org.springframework.boot.actuate.endpoint.invoke.reflect.ReflectiveOperationInvoker.invoke(ReflectiveOperationInvoker.java:74) ~[spring-boot-actuator-3.3.4.jar:3.3.4]
	at org.springframework.boot.actuate.endpoint.annotation.AbstractDiscoveredOperation.invoke(AbstractDiscoveredOperation.java:60) ~[spring-boot-actuator-3.3.4.jar:3.3.4]
	at org.springframework.boot.actuate.endpoint.jmx.EndpointMBean.invoke(EndpointMBean.java:124) ~[spring-boot-actuator-3.3.4.jar:3.3.4]
	at org.springframework.boot.actuate.endpoint.jmx.EndpointMBean.invoke(EndpointMBean.java:97) ~[spring-boot-actuator-3.3.4.jar:3.3.4]
	at java.management/com.sun.jmx.interceptor.DefaultMBeanServerInterceptor.invoke(DefaultMBeanServerInterceptor.java:814) ~[na:na]
	at java.management/com.sun.jmx.mbeanserver.JmxMBeanServer.invoke(JmxMBeanServer.java:802) ~[na:na]
	at java.management.rmi/javax.management.remote.rmi.RMIConnectionImpl.doOperation(RMIConnectionImpl.java:1472) ~[na:na]
	at java.management.rmi/javax.management.remote.rmi.RMIConnectionImpl$PrivilegedOperation.run(RMIConnectionImpl.java:1310) ~[na:na]
	at java.management.rmi/javax.management.remote.rmi.RMIConnectionImpl.doPrivilegedOperation(RMIConnectionImpl.java:1405) ~[na:na]
	at java.management.rmi/javax.management.remote.rmi.RMIConnectionImpl.invoke(RMIConnectionImpl.java:829) ~[na:na]
	at java.base/jdk.internal.reflect.GeneratedMethodAccessor75.invoke(Unknown Source) ~[na:na]
	at java.base/jdk.internal.reflect.DelegatingMethodAccessorImpl.invoke(DelegatingMethodAccessorImpl.java:43) ~[na:na]
	at java.base/java.lang.reflect.Method.invoke(Method.java:569) ~[na:na]
	at java.rmi/sun.rmi.server.UnicastServerRef.dispatch(UnicastServerRef.java:360) ~[na:na]
	at java.rmi/sun.rmi.transport.Transport$1.run(Transport.java:200) ~[na:na]
	at java.rmi/sun.rmi.transport.Transport$1.run(Transport.java:197) ~[na:na]
	at java.base/java.security.AccessController.doPrivileged(AccessController.java:712) ~[na:na]
	at java.rmi/sun.rmi.transport.Transport.serviceCall(Transport.java:196) ~[na:na]
	at java.rmi/sun.rmi.transport.tcp.TCPTransport.handleMessages(TCPTransport.java:587) ~[na:na]
	at java.rmi/sun.rmi.transport.tcp.TCPTransport$ConnectionHandler.run0(TCPTransport.java:828) ~[na:na]
	at java.rmi/sun.rmi.transport.tcp.TCPTransport$ConnectionHandler.lambda$run$0(TCPTransport.java:705) ~[na:na]
	at java.base/java.security.AccessController.doPrivileged(AccessController.java:399) ~[na:na]
	at java.rmi/sun.rmi.transport.tcp.TCPTransport$ConnectionHandler.run(TCPTransport.java:704) ~[na:na]
	at java.base/java.util.concurrent.ThreadPoolExecutor.runWorker(ThreadPoolExecutor.java:1136) ~[na:na]
	at java.base/java.util.concurrent.ThreadPoolExecutor$Worker.run(ThreadPoolExecutor.java:635) ~[na:na]
	at java.base/java.lang.Thread.run(Thread.java:840) ~[na:na]
Caused by: io.lettuce.core.RedisConnectionException: Unable to connect to localhost/<unresolved>:6379
	at io.lettuce.core.RedisConnectionException.create(RedisConnectionException.java:78) ~[lettuce-core-6.3.2.RELEASE.jar:6.3.2.RELEASE/8941aea]
	at io.lettuce.core.RedisConnectionException.create(RedisConnectionException.java:56) ~[lettuce-core-6.3.2.RELEASE.jar:6.3.2.RELEASE/8941aea]
	at io.lettuce.core.AbstractRedisClient.getConnection(AbstractRedisClient.java:350) ~[lettuce-core-6.3.2.RELEASE.jar:6.3.2.RELEASE/8941aea]
	at io.lettuce.core.RedisClient.connect(RedisClient.java:215) ~[lettuce-core-6.3.2.RELEASE.jar:6.3.2.RELEASE/8941aea]
	at org.springframework.data.redis.connection.lettuce.StandaloneConnectionProvider.lambda$getConnection$1(StandaloneConnectionProvider.java:112) ~[spring-data-redis-3.3.4.jar:3.3.4]
	at java.base/java.util.Optional.orElseGet(Optional.java:364) ~[na:na]
	at org.springframework.data.redis.connection.lettuce.StandaloneConnectionProvider.getConnection(StandaloneConnectionProvider.java:112) ~[spring-data-redis-3.3.4.jar:3.3.4]
	at org.springframework.data.redis.connection.lettuce.LettuceConnectionFactory$ExceptionTranslatingConnectionProvider.getConnection(LettuceConnectionFactory.java:1778) ~[spring-data-redis-3.3.4.jar:3.3.4]
	... 54 common frames omitted
Caused by: io.netty.channel.AbstractChannel$AnnotatedConnectException: Connection refused: getsockopt: localhost/127.0.0.1:6379
Caused by: java.net.ConnectException: Connection refused: getsockopt
	at java.base/sun.nio.ch.Net.pollConnect(Native Method) ~[na:na]
	at java.base/sun.nio.ch.Net.pollConnectNow(Net.java:672) ~[na:na]
	at java.base/sun.nio.ch.SocketChannelImpl.finishConnect(SocketChannelImpl.java:946) ~[na:na]
	at io.netty.channel.socket.nio.NioSocketChannel.doFinishConnect(NioSocketChannel.java:336) ~[netty-transport-4.1.113.Final.jar:4.1.113.Final]
	at io.netty.channel.nio.AbstractNioChannel$AbstractNioUnsafe.finishConnect(AbstractNioChannel.java:339) ~[netty-transport-4.1.113.Final.jar:4.1.113.Final]
	at io.netty.channel.nio.NioEventLoop.processSelectedKey(NioEventLoop.java:776) ~[netty-transport-4.1.113.Final.jar:4.1.113.Final]
	at io.netty.channel.nio.NioEventLoop.processSelectedKeysOptimized(NioEventLoop.java:724) ~[netty-transport-4.1.113.Final.jar:4.1.113.Final]
	at io.netty.channel.nio.NioEventLoop.processSelectedKeys(NioEventLoop.java:650) ~[netty-transport-4.1.113.Final.jar:4.1.113.Final]
	at io.netty.channel.nio.NioEventLoop.run(NioEventLoop.java:562) ~[netty-transport-4.1.113.Final.jar:4.1.113.Final]
	at io.netty.util.concurrent.SingleThreadEventExecutor$4.run(SingleThreadEventExecutor.java:997) ~[netty-common-4.1.113.Final.jar:4.1.113.Final]
	at io.netty.util.internal.ThreadExecutorMap$2.run(ThreadExecutorMap.java:74) ~[netty-common-4.1.113.Final.jar:4.1.113.Final]
	at io.netty.util.concurrent.FastThreadLocalRunnable.run(FastThreadLocalRunnable.java:30) ~[netty-common-4.1.113.Final.jar:4.1.113.Final]
	at java.base/java.lang.Thread.run(Thread.java:840) ~[na:na]

2026-01-27T01:36:16.232+09:00 ERROR 26796 --- [scheduling-1] c.p.f.common.config.ChatLogScheduler     : Job 실행 중 오류 발생 for userId 9: PreparedStatementCallback; bad SQL grammar [SELECT JOB_INSTANCE_ID, JOB_NAME
FROM BATCH_JOB_INSTANCE
WHERE JOB_NAME = ?
 and JOB_KEY = ?]
2026-01-27T01:36:16.241+09:00 ERROR 26796 --- [scheduling-1] c.p.f.common.config.ChatLogScheduler     : Job 실행 중 오류 발생 for userId 10: PreparedStatementCallback; bad SQL grammar [SELECT JOB_INSTANCE_ID, JOB_NAME
FROM BATCH_JOB_INSTANCE
WHERE JOB_NAME = ?
 and JOB_KEY = ?]
2026-01-27T01:36:16.248+09:00 ERROR 26796 --- [scheduling-1] c.p.f.common.config.ChatLogScheduler     : Job 실행 중 오류 발생 for userId 11: PreparedStatementCallback; bad SQL grammar [SELECT JOB_INSTANCE_ID, JOB_NAME
FROM BATCH_JOB_INSTANCE
WHERE JOB_NAME = ?
 and JOB_KEY = ?]
2026-01-27T01:36:16.256+09:00 ERROR 26796 --- [scheduling-1] c.p.f.common.config.ChatLogScheduler     : Job 실행 중 오류 발생 for userId 12: PreparedStatementCallback; bad SQL grammar [SELECT JOB_INSTANCE_ID, JOB_NAME
FROM BATCH_JOB_INSTANCE
WHERE JOB_NAME = ?
 and JOB_KEY = ?]
2026-01-27T01:36:16.268+09:00 ERROR 26796 --- [scheduling-1] c.p.f.common.config.ChatLogScheduler     : Job 실행 중 오류 발생 for userId 13: PreparedStatementCallback; bad SQL grammar [SELECT JOB_INSTANCE_ID, JOB_NAME
FROM BATCH_JOB_INSTANCE
WHERE JOB_NAME = ?
 and JOB_KEY = ?]
2026-01-27T01:36:16.275+09:00 ERROR 26796 --- [scheduling-1] c.p.f.common.config.ChatLogScheduler     : Job 실행 중 오류 발생 for userId 14: PreparedStatementCallback; bad SQL grammar [SELECT JOB_INSTANCE_ID, JOB_NAME
FROM BATCH_JOB_INSTANCE
WHERE JOB_NAME = ?
 and JOB_KEY = ?]
2026-01-27T01:36:16.284+09:00 ERROR 26796 --- [scheduling-1] c.p.f.common.config.ChatLogScheduler     : Job 실행 중 오류 발생 for userId 15: PreparedStatementCallback; bad SQL grammar [SELECT JOB_INSTANCE_ID, JOB_NAME
FROM BATCH_JOB_INSTANCE
WHERE JOB_NAME = ?
 and JOB_KEY = ?]
2026-01-27T01:36:16.293+09:00 ERROR 26796 --- [scheduling-1] c.p.f.common.config.ChatLogScheduler     : Job 실행 중 오류 발생 for userId 16: PreparedStatementCallback; bad SQL grammar [SELECT JOB_INSTANCE_ID, JOB_NAME
FROM BATCH_JOB_INSTANCE
WHERE JOB_NAME = ?
 and JOB_KEY = ?]
2026-01-27T01:36:16.300+09:00 ERROR 26796 --- [scheduling-1] c.p.f.common.config.ChatLogScheduler     : Job 실행 중 오류 발생 for userId 17: PreparedStatementCallback; bad SQL grammar [SELECT JOB_INSTANCE_ID, JOB_NAME
FROM BATCH_JOB_INSTANCE
WHERE JOB_NAME = ?
 and JOB_KEY = ?]
2026-01-27T01:36:16.307+09:00 ERROR 26796 --- [scheduling-1] c.p.f.common.config.ChatLogScheduler     : Job 실행 중 오류 발생 for userId 18: PreparedStatementCallback; bad SQL grammar [SELECT JOB_INSTANCE_ID, JOB_NAME
FROM BATCH_JOB_INSTANCE
WHERE JOB_NAME = ?
 and JOB_KEY = ?]
2026-01-27T01:36:16.315+09:00 ERROR 26796 --- [scheduling-1] c.p.f.common.config.ChatLogScheduler     : Job 실행 중 오류 발생 for userId 19: PreparedStatementCallback; bad SQL grammar [SELECT JOB_INSTANCE_ID, JOB_NAME
FROM BATCH_JOB_INSTANCE
WHERE JOB_NAME = ?
 and JOB_KEY = ?]
2026-01-27T01:36:46.351+09:00 ERROR 26796 --- [scheduling-1] c.p.f.common.config.ChatLogScheduler     : Job 실행 중 오류 발생 for userId 9: PreparedStatementCallback; bad SQL grammar [SELECT JOB_INSTANCE_ID, JOB_NAME
FROM BATCH_JOB_INSTANCE
WHERE JOB_NAME = ?
 and JOB_KEY = ?]
2026-01-27T01:36:46.358+09:00 ERROR 26796 --- [scheduling-1] c.p.f.common.config.ChatLogScheduler     : Job 실행 중 오류 발생 for userId 10: PreparedStatementCallback; bad SQL grammar [SELECT JOB_INSTANCE_ID, JOB_NAME
FROM BATCH_JOB_INSTANCE
WHERE JOB_NAME = ?
 and JOB_KEY = ?]
2026-01-27T01:36:46.363+09:00 ERROR 26796 --- [scheduling-1] c.p.f.common.config.ChatLogScheduler     : Job 실행 중 오류 발생 for userId 11: PreparedStatementCallback; bad SQL grammar [SELECT JOB_INSTANCE_ID, JOB_NAME
FROM BATCH_JOB_INSTANCE
WHERE JOB_NAME = ?
 and JOB_KEY = ?]
2026-01-27T01:36:46.369+09:00 ERROR 26796 --- [scheduling-1] c.p.f.common.config.ChatLogScheduler     : Job 실행 중 오류 발생 for userId 12: PreparedStatementCallback; bad SQL grammar [SELECT JOB_INSTANCE_ID, JOB_NAME
FROM BATCH_JOB_INSTANCE
WHERE JOB_NAME = ?
 and JOB_KEY = ?]
2026-01-27T01:36:46.375+09:00 ERROR 26796 --- [scheduling-1] c.p.f.common.config.ChatLogScheduler     : Job 실행 중 오류 발생 for userId 13: PreparedStatementCallback; bad SQL grammar [SELECT JOB_INSTANCE_ID, JOB_NAME
FROM BATCH_JOB_INSTANCE
WHERE JOB_NAME = ?
 and JOB_KEY = ?]
2026-01-27T01:36:46.380+09:00 ERROR 26796 --- [scheduling-1] c.p.f.common.config.ChatLogScheduler     : Job 실행 중 오류 발생 for userId 14: PreparedStatementCallback; bad SQL grammar [SELECT JOB_INSTANCE_ID, JOB_NAME
FROM BATCH_JOB_INSTANCE
WHERE JOB_NAME = ?
 and JOB_KEY = ?]
2026-01-27T01:36:46.385+09:00 ERROR 26796 --- [scheduling-1] c.p.f.common.config.ChatLogScheduler     : Job 실행 중 오류 발생 for userId 15: PreparedStatementCallback; bad SQL grammar [SELECT JOB_INSTANCE_ID, JOB_NAME
FROM BATCH_JOB_INSTANCE
WHERE JOB_NAME = ?
 and JOB_KEY = ?]
2026-01-27T01:36:46.391+09:00 ERROR 26796 --- [scheduling-1] c.p.f.common.config.ChatLogScheduler     : Job 실행 중 오류 발생 for userId 16: PreparedStatementCallback; bad SQL grammar [SELECT JOB_INSTANCE_ID, JOB_NAME
FROM BATCH_JOB_INSTANCE
WHERE JOB_NAME = ?
 and JOB_KEY = ?]
2026-01-27T01:36:46.396+09:00 ERROR 26796 --- [scheduling-1] c.p.f.common.config.ChatLogScheduler     : Job 실행 중 오류 발생 for userId 17: PreparedStatementCallback; bad SQL grammar [SELECT JOB_INSTANCE_ID, JOB_NAME
FROM BATCH_JOB_INSTANCE
WHERE JOB_NAME = ?
 and JOB_KEY = ?]
2026-01-27T01:36:46.402+09:00 ERROR 26796 --- [scheduling-1] c.p.f.common.config.ChatLogScheduler     : Job 실행 중 오류 발생 for userId 18: PreparedStatementCallback; bad SQL grammar [SELECT JOB_INSTANCE_ID, JOB_NAME
FROM BATCH_JOB_INSTANCE
WHERE JOB_NAME = ?
 and JOB_KEY = ?]
2026-01-27T01:36:46.408+09:00 ERROR 26796 --- [scheduling-1] c.p.f.common.config.ChatLogScheduler     : Job 실행 중 오류 발생 for userId 19: PreparedStatementCallback; bad SQL grammar [SELECT JOB_INSTANCE_ID, JOB_NAME
FROM BATCH_JOB_INSTANCE
WHERE JOB_NAME = ?
 and JOB_KEY = ?]
2026-01-27T01:37:14.979+09:00  INFO 26796 --- [SpringApplicationShutdownHook] j.LocalContainerEntityManagerFactoryBean : Closing JPA EntityManagerFactory for persistence unit 'default'
2026-01-27T01:37:14.979+09:00  INFO 26796 --- [SpringApplicationShutdownHook] com.zaxxer.hikari.HikariDataSource       : HikariPool-1 - Shutdown initiated...
2026-01-27T01:37:14.995+09:00  INFO 26796 --- [SpringApplicationShutdownHook] com.zaxxer.hikari.HikariDataSource       : HikariPool-1 - Shutdown completed.
2026-01-27T01:40:05.542+09:00  INFO 27564 --- [main] c.p.f.FinalProjectApplication            : Starting FinalProjectApplication using Java 17.0.13 with PID 27564 (C:\Users\pyoya\Desktop\MyLittleSchool-backend-dev\build\classes\java\main started by pyoya in C:\Users\pyoya\Desktop\MyLittleSchool-backend-dev)
2026-01-27T01:40:05.550+09:00  INFO 27564 --- [main] c.p.f.FinalProjectApplication            : The following 1 profile is active: "dev"
2026-01-27T01:40:09.123+09:00  INFO 27564 --- [main] .s.d.r.c.RepositoryConfigurationDelegate : Multiple Spring Data modules found, entering strict repository configuration mode
2026-01-27T01:40:09.128+09:00  INFO 27564 --- [main] .s.d.r.c.RepositoryConfigurationDelegate : Bootstrapping Spring Data JPA repositories in DEFAULT mode.
2026-01-27T01:40:09.743+09:00  INFO 27564 --- [main] .s.d.r.c.RepositoryConfigurationDelegate : Finished Spring Data repository scanning in 593 ms. Found 19 JPA repository interfaces.
2026-01-27T01:40:09.776+09:00  INFO 27564 --- [main] .s.d.r.c.RepositoryConfigurationDelegate : Multiple Spring Data modules found, entering strict repository configuration mode
2026-01-27T01:40:09.779+09:00  INFO 27564 --- [main] .s.d.r.c.RepositoryConfigurationDelegate : Bootstrapping Spring Data Redis repositories in DEFAULT mode.
2026-01-27T01:40:09.869+09:00  INFO 27564 --- [main] .RepositoryConfigurationExtensionSupport : Spring Data Redis - Could not safely identify store assignment for repository candidate interface com.project.final_project.avatar.repository.AvatarRepository; If you want this repository to be a Redis repository, consider annotating your entities with one of these annotations: org.springframework.data.redis.core.RedisHash (preferred), or consider extending one of the following types with your repository: org.springframework.data.keyvalue.repository.KeyValueRepository
2026-01-27T01:40:09.870+09:00  INFO 27564 --- [main] .RepositoryConfigurationExtensionSupport : Spring Data Redis - Could not safely identify store assignment for repository candidate interface com.project.final_project.boardlikemanager.repository.BoardLikeRepository; If you want this repository to be a Redis repository, consider annotating your entities with one of these annotations: org.springframework.data.redis.core.RedisHash (preferred), or consider extending one of the following types with your repository: org.springframework.data.keyvalue.repository.KeyValueRepository
2026-01-27T01:40:09.870+09:00  INFO 27564 --- [main] .RepositoryConfigurationExtensionSupport : Spring Data Redis - Could not safely identify store assignment for repository candidate interface com.project.final_project.board.repository.BoardRepository; If you want this repository to be a Redis repository, consider annotating your entities with one of these annotations: org.springframework.data.redis.core.RedisHash (preferred), or consider extending one of the following types with your repository: org.springframework.data.keyvalue.repository.KeyValueRepository
2026-01-27T01:40:09.870+09:00  INFO 27564 --- [main] .RepositoryConfigurationExtensionSupport : Spring Data Redis - Could not safely identify store assignment for repository candidate interface com.project.final_project.chatlog.repository.ChatLogRepository; If you want this repository to be a Redis repository, consider annotating your entities with one of these annotations: org.springframework.data.redis.core.RedisHash (preferred), or consider extending one of the following types with your repository: org.springframework.data.keyvalue.repository.KeyValueRepository
2026-01-27T01:40:09.871+09:00  INFO 27564 --- [main] .RepositoryConfigurationExtensionSupport : Spring Data Redis - Could not safely identify store assignment for repository candidate interface com.project.final_project.comment.repository.CommentRepository; If you want this repository to be a Redis repository, consider annotating your entities with one of these annotations: org.springframework.data.redis.core.RedisHash (preferred), or consider extending one of the following types with your repository: org.springframework.data.keyvalue.repository.KeyValueRepository
2026-01-27T01:40:09.872+09:00  INFO 27564 --- [main] .RepositoryConfigurationExtensionSupport : Spring Data Redis - Could not safely identify store assignment for repository candidate interface com.project.final_project.friendship.repository.FriendshipRepository; If you want this repository to be a Redis repository, consider annotating your entities with one of these annotations: org.springframework.data.redis.core.RedisHash (preferred), or consider extending one of the following types with your repository: org.springframework.data.keyvalue.repository.KeyValueRepository
2026-01-27T01:40:09.875+09:00  INFO 27564 --- [main] .RepositoryConfigurationExtensionSupport : Spring Data Redis - Could not safely identify store assignment for repository candidate interface com.project.final_project.furniture.repository.FurnitureRepository; If you want this repository to be a Redis repository, consider annotating your entities with one of these annotations: org.springframework.data.redis.core.RedisHash (preferred), or consider extending one of the following types with your repository: org.springframework.data.keyvalue.repository.KeyValueRepository
2026-01-27T01:40:09.876+09:00  INFO 27564 --- [main] .RepositoryConfigurationExtensionSupport : Spring Data Redis - Could not safely identify store assignment for repository candidate interface com.project.final_project.gallery.repository.GalleryRepository; If you want this repository to be a Redis repository, consider annotating your entities with one of these annotations: org.springframework.data.redis.core.RedisHash (preferred), or consider extending one of the following types with your repository: org.springframework.data.keyvalue.repository.KeyValueRepository
2026-01-27T01:40:09.877+09:00  INFO 27564 --- [main] .RepositoryConfigurationExtensionSupport : Spring Data Redis - Could not safely identify store assignment for repository candidate interface com.project.final_project.guestbook.repository.GuestBookRepository; If you want this repository to be a Redis repository, consider annotating your entities with one of these annotations: org.springframework.data.redis.core.RedisHash (preferred), or consider extending one of the following types with your repository: org.springframework.data.keyvalue.repository.KeyValueRepository
2026-01-27T01:40:09.878+09:00  INFO 27564 --- [main] .RepositoryConfigurationExtensionSupport : Spring Data Redis - Could not safely identify store assignment for repository candidate interface com.project.final_project.inventory.repository.InventoryRepository; If you want this repository to be a Redis repository, consider annotating your entities with one of these annotations: org.springframework.data.redis.core.RedisHash (preferred), or consider extending one of the following types with your repository: org.springframework.data.keyvalue.repository.KeyValueRepository
2026-01-27T01:40:09.880+09:00  INFO 27564 --- [main] .RepositoryConfigurationExtensionSupport : Spring Data Redis - Could not safely identify store assignment for repository candidate interface com.project.final_project.item.repository.ItemRepository; If you want this repository to be a Redis repository, consider annotating your entities with one of these annotations: org.springframework.data.redis.core.RedisHash (preferred), or consider extending one of the following types with your repository: org.springframework.data.keyvalue.repository.KeyValueRepository
2026-01-27T01:40:09.880+09:00  INFO 27564 --- [main] .RepositoryConfigurationExtensionSupport : Spring Data Redis - Could not safely identify store assignment for repository candidate interface com.project.final_project.mapcontest.repository.MapContestRepository; If you want this repository to be a Redis repository, consider annotating your entities with one of these annotations: org.springframework.data.redis.core.RedisHash (preferred), or consider extending one of the following types with your repository: org.springframework.data.keyvalue.repository.KeyValueRepository
2026-01-27T01:40:09.881+09:00  INFO 27564 --- [main] .RepositoryConfigurationExtensionSupport : Spring Data Redis - Could not safely identify store assignment for repository candidate interface com.project.final_project.note.repository.NoteRepository; If you want this repository to be a Redis repository, consider annotating your entities with one of these annotations: org.springframework.data.redis.core.RedisHash (preferred), or consider extending one of the following types with your repository: org.springframework.data.keyvalue.repository.KeyValueRepository
2026-01-27T01:40:09.882+09:00  INFO 27564 --- [main] .RepositoryConfigurationExtensionSupport : Spring Data Redis - Could not safely identify store assignment for repository candidate interface com.project.final_project.quest.repository.QuestItemRewardInfoRepository; If you want this repository to be a Redis repository, consider annotating your entities with one of these annotations: org.springframework.data.redis.core.RedisHash (preferred), or consider extending one of the following types with your repository: org.springframework.data.keyvalue.repository.KeyValueRepository
2026-01-27T01:40:09.882+09:00  INFO 27564 --- [main] .RepositoryConfigurationExtensionSupport : Spring Data Redis - Could not safely identify store assignment for repository candidate interface com.project.final_project.quest.repository.QuestRepository; If you want this repository to be a Redis repository, consider annotating your entities with one of these annotations: org.springframework.data.redis.core.RedisHash (preferred), or consider extending one of the following types with your repository: org.springframework.data.keyvalue.repository.KeyValueRepository
2026-01-27T01:40:09.884+09:00  INFO 27564 --- [main] .RepositoryConfigurationExtensionSupport : Spring Data Redis - Could not safely identify store assignment for repository candidate interface com.project.final_project.quest.repository.UserQuestRepository; If you want this repository to be a Redis repository, consider annotating your entities with one of these annotations: org.springframework.data.redis.core.RedisHash (preferred), or consider extending one of the following types with your repository: org.springframework.data.keyvalue.repository.KeyValueRepository
2026-01-27T01:40:09.885+09:00  INFO 27564 --- [main] .RepositoryConfigurationExtensionSupport : Spring Data Redis - Could not safely identify store assignment for repository candidate interface com.project.final_project.school.repository.SchoolRepository; If you want this repository to be a Redis repository, consider annotating your entities with one of these annotations: org.springframework.data.redis.core.RedisHash (preferred), or consider extending one of the following types with your repository: org.springframework.data.keyvalue.repository.KeyValueRepository
2026-01-27T01:40:09.887+09:00  INFO 27564 --- [main] .RepositoryConfigurationExtensionSupport : Spring Data Redis - Could not safely identify store assignment for repository candidate interface com.project.final_project.userposvisitcount.repository.UserPosVisitCountRepository; If you want this repository to be a Redis repository, consider annotating your entities with one of these annotations: org.springframework.data.redis.core.RedisHash (preferred), or consider extending one of the following types with your repository: org.springframework.data.keyvalue.repository.KeyValueRepository
2026-01-27T01:40:09.887+09:00  INFO 27564 --- [main] .RepositoryConfigurationExtensionSupport : Spring Data Redis - Could not safely identify store assignment for repository candidate interface com.project.final_project.user.repository.UserRepository; If you want this repository to be a Redis repository, consider annotating your entities with one of these annotations: org.springframework.data.redis.core.RedisHash (preferred), or consider extending one of the following types with your repository: org.springframework.data.keyvalue.repository.KeyValueRepository
2026-01-27T01:40:09.888+09:00  INFO 27564 --- [main] .s.d.r.c.RepositoryConfigurationDelegate : Finished Spring Data repository scanning in 89 ms. Found 0 Redis repository interfaces.
2026-01-27T01:40:10.680+09:00  WARN 27564 --- [main] trationDelegate$BeanPostProcessorChecker : Bean 'org.springframework.ws.config.annotation.DelegatingWsConfiguration' of type [org.springframework.ws.config.annotation.DelegatingWsConfiguration$$SpringCGLIB$$0] is not eligible for getting processed by all BeanPostProcessors (for example: not eligible for auto-proxying). The currently created BeanPostProcessor [annotationActionEndpointMapping] is declared through a non-static factory method on that class; consider declaring it as static instead.
2026-01-27T01:40:10.785+09:00  INFO 27564 --- [main] .w.s.a.s.AnnotationActionEndpointMapping : Supporting [WS-Addressing August 2004, WS-Addressing 1.0]
2026-01-27T01:40:12.020+09:00  INFO 27564 --- [main] o.s.b.w.embedded.tomcat.TomcatWebServer  : Tomcat initialized with port 8080 (http)
2026-01-27T01:40:12.043+09:00  INFO 27564 --- [main] o.apache.catalina.core.StandardService   : Starting service [Tomcat]
2026-01-27T01:40:12.045+09:00  INFO 27564 --- [main] o.apache.catalina.core.StandardEngine    : Starting Servlet engine: [Apache Tomcat/10.1.30]
2026-01-27T01:40:12.220+09:00  INFO 27564 --- [main] o.a.c.c.C.[Tomcat].[localhost].[/]       : Initializing Spring embedded WebApplicationContext
2026-01-27T01:40:12.221+09:00  INFO 27564 --- [main] w.s.c.ServletWebServerApplicationContext : Root WebApplicationContext: initialization completed in 6557 ms
2026-01-27T01:40:14.231+09:00  INFO 27564 --- [main] o.s.o.j.p.SpringPersistenceUnitInfo      : No LoadTimeWeaver setup: ignoring JPA class transformer
2026-01-27T01:40:14.324+09:00  INFO 27564 --- [main] com.zaxxer.hikari.HikariDataSource       : HikariPool-1 - Starting...
2026-01-27T01:40:15.063+09:00  INFO 27564 --- [main] com.zaxxer.hikari.pool.HikariPool        : HikariPool-1 - Added connection com.mysql.cj.jdbc.ConnectionImpl@65b7678a
2026-01-27T01:40:15.068+09:00  INFO 27564 --- [main] com.zaxxer.hikari.HikariDataSource       : HikariPool-1 - Start completed.
2026-01-27T01:40:15.200+09:00  WARN 27564 --- [main] org.hibernate.orm.deprecation            : HHH90000025: MySQLDialect does not need to be specified explicitly using 'hibernate.dialect' (remove the property setting and it will be selected by default)
2026-01-27T01:40:18.363+09:00  INFO 27564 --- [main] j.LocalContainerEntityManagerFactoryBean : Initialized JPA EntityManagerFactory for persistence unit 'default'
2026-01-27T01:40:19.027+09:00  INFO 27564 --- [main] o.s.d.j.r.query.QueryEnhancerFactory     : Hibernate is in classpath; If applicable, HQL parser will be used.
2026-01-27T01:40:20.120+09:00  INFO 27564 --- [main] c.p.f.c.c.HibernateStatisticsConfig      : Hibernate 통계 수집이 활성화되었습니다.
2026-01-27T01:40:21.743+09:00  INFO 27564 --- [main] c.p.final_project.common.init.Init       : 학교 데이터가 이미 존재합니다. 초기화를 건너뜁니다.
2026-01-27T01:40:21.753+09:00  INFO 27564 --- [main] c.p.final_project.common.init.Init       : 아이템 데이터가 이미 존재합니다. 초기화를 건너뜁니다.
2026-01-27T01:40:21.764+09:00  INFO 27564 --- [main] c.p.final_project.common.init.Init       : 퀘스트 데이터가 이미 존재합니다. 초기화를 건너뜁니다.
2026-01-27T01:40:23.013+09:00  WARN 27564 --- [main] JpaBaseConfiguration$JpaWebConfiguration : spring.jpa.open-in-view is enabled by default. Therefore, database queries may be performed during view rendering. Explicitly configure spring.jpa.open-in-view to disable this warning
2026-01-27T01:40:23.096+09:00  WARN 27564 --- [main] .s.s.UserDetailsServiceAutoConfiguration : 

Using generated security password: 08ba0a2f-3471-49b5-8852-a66de1f138c9

This generated password is for development use only. Your security configuration must be updated before running your application in production.

2026-01-27T01:40:23.138+09:00  INFO 27564 --- [main] r$InitializeUserDetailsManagerConfigurer : Global AuthenticationManager configured with UserDetailsService bean with name inMemoryUserDetailsManager
2026-01-27T01:40:23.449+09:00  INFO 27564 --- [main] o.s.b.a.w.s.WelcomePageHandlerMapping    : Adding welcome page template: index
2026-01-27T01:40:24.209+09:00  INFO 27564 --- [main] o.s.b.a.e.web.EndpointLinksResolver      : Exposing 5 endpoints beneath base path '/actuator'
2026-01-27T01:40:26.193+09:00  INFO 27564 --- [main] o.s.b.w.embedded.tomcat.TomcatWebServer  : Tomcat started on port 8080 (http) with context path '/'
2026-01-27T01:40:26.218+09:00  INFO 27564 --- [main] c.p.f.FinalProjectApplication            : Started FinalProjectApplication in 22.108 seconds (process running for 24.297)
2026-01-27T01:40:26.229+09:00  INFO 27564 --- [scheduling-1] c.p.f.c.c.HibernateStatisticsConfig      : === Hibernate 통계 정보 ===
2026-01-27T01:40:26.230+09:00  INFO 27564 --- [scheduling-1] c.p.f.c.c.HibernateStatisticsConfig      : 총 쿼리 실행 횟수: 3
2026-01-27T01:40:26.230+09:00  INFO 27564 --- [scheduling-1] c.p.f.c.c.HibernateStatisticsConfig      : 총 쿼리 실행 시간: 212ms
2026-01-27T01:40:26.230+09:00  INFO 27564 --- [scheduling-1] c.p.f.c.c.HibernateStatisticsConfig      : 평균 쿼리 실행 시간: 70ms
2026-01-27T01:40:26.231+09:00  INFO 27564 --- [scheduling-1] c.p.f.c.c.HibernateStatisticsConfig      : 총 엔티티 로드 횟수: 3337
2026-01-27T01:40:26.231+09:00  INFO 27564 --- [scheduling-1] c.p.f.c.c.HibernateStatisticsConfig      : 총 엔티티 페치 횟수: 0
2026-01-27T01:40:26.231+09:00  INFO 27564 --- [scheduling-1] c.p.f.c.c.HibernateStatisticsConfig      : 총 컬렉션 로드 횟수: 0
2026-01-27T01:40:26.232+09:00  INFO 27564 --- [scheduling-1] c.p.f.c.c.HibernateStatisticsConfig      : 총 컬렉션 페치 횟수: 0
2026-01-27T01:40:26.232+09:00  INFO 27564 --- [scheduling-1] c.p.f.c.c.HibernateStatisticsConfig      : 총 세션 열기 횟수: 159
2026-01-27T01:40:26.232+09:00  INFO 27564 --- [scheduling-1] c.p.f.c.c.HibernateStatisticsConfig      : 총 세션 닫기 횟수: 159
2026-01-27T01:40:26.233+09:00  INFO 27564 --- [scheduling-1] c.p.f.c.c.HibernateStatisticsConfig      : 총 트랜잭션 횟수: 3
2026-01-27T01:40:26.233+09:00  INFO 27564 --- [scheduling-1] c.p.f.c.c.HibernateStatisticsConfig      : 총 성공한 트랜잭션 횟수: 3
2026-01-27T01:40:26.233+09:00  INFO 27564 --- [scheduling-1] c.p.f.c.c.HibernateStatisticsConfig      : 연결 횟수: 3
2026-01-27T01:40:26.233+09:00  INFO 27564 --- [scheduling-1] c.p.f.c.c.HibernateStatisticsConfig      : 준비된 문장 캐시 히트: 0
2026-01-27T01:40:26.234+09:00  INFO 27564 --- [scheduling-1] c.p.f.c.c.HibernateStatisticsConfig      : 준비된 문장 캐시 미스: 37
2026-01-27T01:40:26.237+09:00  INFO 27564 --- [scheduling-1] c.p.f.c.c.HibernateStatisticsConfig      : 실행된 고유 쿼리 수: 40
2026-01-27T01:40:26.237+09:00  INFO 27564 --- [scheduling-1] c.p.f.c.c.HibernateStatisticsConfig      : ========================
2026-01-27T01:40:26.584+09:00  INFO 27564 --- [RMI TCP Connection(3)-172.30.1.100] o.a.c.c.C.[Tomcat].[localhost].[/]       : Initializing Spring DispatcherServlet 'dispatcherServlet'
2026-01-27T01:40:26.584+09:00  INFO 27564 --- [RMI TCP Connection(3)-172.30.1.100] o.s.web.servlet.DispatcherServlet        : Initializing Servlet 'dispatcherServlet'
2026-01-27T01:40:26.588+09:00  INFO 27564 --- [RMI TCP Connection(3)-172.30.1.100] o.s.web.servlet.DispatcherServlet        : Completed initialization in 4 ms
2026-01-27T01:40:27.413+09:00  WARN 27564 --- [RMI TCP Connection(2)-172.30.1.100] o.s.b.a.data.redis.RedisHealthIndicator  : Redis health check failed

org.springframework.data.redis.RedisConnectionFailureException: Unable to connect to Redis
	at org.springframework.data.redis.connection.lettuce.LettuceConnectionFactory$ExceptionTranslatingConnectionProvider.translateException(LettuceConnectionFactory.java:1849) ~[spring-data-redis-3.3.4.jar:3.3.4]
	at org.springframework.data.redis.connection.lettuce.LettuceConnectionFactory$ExceptionTranslatingConnectionProvider.getConnection(LettuceConnectionFactory.java:1780) ~[spring-data-redis-3.3.4.jar:3.3.4]
	at org.springframework.data.redis.connection.lettuce.LettuceConnectionFactory$SharedConnection.getNativeConnection(LettuceConnectionFactory.java:1582) ~[spring-data-redis-3.3.4.jar:3.3.4]
	at org.springframework.data.redis.connection.lettuce.LettuceConnectionFactory$SharedConnection.lambda$getConnection$0(LettuceConnectionFactory.java:1562) ~[spring-data-redis-3.3.4.jar:3.3.4]
	at org.springframework.data.redis.connection.lettuce.LettuceConnectionFactory.doInLock(LettuceConnectionFactory.java:1523) ~[spring-data-redis-3.3.4.jar:3.3.4]
	at org.springframework.data.redis.connection.lettuce.LettuceConnectionFactory$SharedConnection.getConnection(LettuceConnectionFactory.java:1559) ~[spring-data-redis-3.3.4.jar:3.3.4]
	at org.springframework.data.redis.connection.lettuce.LettuceConnectionFactory.getSharedConnection(LettuceConnectionFactory.java:1245) ~[spring-data-redis-3.3.4.jar:3.3.4]
	at org.springframework.data.redis.connection.lettuce.LettuceConnectionFactory.getConnection(LettuceConnectionFactory.java:1051) ~[spring-data-redis-3.3.4.jar:3.3.4]
	at org.springframework.data.redis.core.RedisConnectionUtils.fetchConnection(RedisConnectionUtils.java:195) ~[spring-data-redis-3.3.4.jar:3.3.4]
	at org.springframework.data.redis.core.RedisConnectionUtils.doGetConnection(RedisConnectionUtils.java:144) ~[spring-data-redis-3.3.4.jar:3.3.4]
	at org.springframework.data.redis.core.RedisConnectionUtils.getConnection(RedisConnectionUtils.java:105) ~[spring-data-redis-3.3.4.jar:3.3.4]
	at org.springframework.data.redis.core.RedisConnectionUtils.getConnection(RedisConnectionUtils.java:92) ~[spring-data-redis-3.3.4.jar:3.3.4]
	at org.springframework.boot.actuate.data.redis.RedisHealthIndicator.doHealthCheck(RedisHealthIndicator.java:49) ~[spring-boot-actuator-3.3.4.jar:3.3.4]
	at org.springframework.boot.actuate.health.AbstractHealthIndicator.health(AbstractHealthIndicator.java:82) ~[spring-boot-actuator-3.3.4.jar:3.3.4]
	at org.springframework.boot.actuate.health.HealthIndicator.getHealth(HealthIndicator.java:37) ~[spring-boot-actuator-3.3.4.jar:3.3.4]
	at org.springframework.boot.actuate.health.HealthEndpoint.getHealth(HealthEndpoint.java:82) ~[spring-boot-actuator-3.3.4.jar:3.3.4]
	at org.springframework.boot.actuate.health.HealthEndpoint.getHealth(HealthEndpoint.java:41) ~[spring-boot-actuator-3.3.4.jar:3.3.4]
	at org.springframework.boot.actuate.health.HealthEndpointSupport.getLoggedHealth(HealthEndpointSupport.java:172) ~[spring-boot-actuator-3.3.4.jar:3.3.4]
	at org.springframework.boot.actuate.health.HealthEndpointSupport.getContribution(HealthEndpointSupport.java:145) ~[spring-boot-actuator-3.3.4.jar:3.3.4]
	at org.springframework.boot.actuate.health.HealthEndpointSupport.getAggregateContribution(HealthEndpointSupport.java:156) ~[spring-boot-actuator-3.3.4.jar:3.3.4]
	at org.springframework.boot.actuate.health.HealthEndpointSupport.getContribution(HealthEndpointSupport.java:141) ~[spring-boot-actuator-3.3.4.jar:3.3.4]
	at org.springframework.boot.actuate.health.HealthEndpointSupport.getHealth(HealthEndpointSupport.java:110) ~[spring-boot-actuator-3.3.4.jar:3.3.4]
	at org.springframework.boot.actuate.health.HealthEndpointSupport.getHealth(HealthEndpointSupport.java:81) ~[spring-boot-actuator-3.3.4.jar:3.3.4]
	at org.springframework.boot.actuate.health.HealthEndpoint.health(HealthEndpoint.java:76) ~[spring-boot-actuator-3.3.4.jar:3.3.4]
	at org.springframework.boot.actuate.health.HealthEndpoint.health(HealthEndpoint.java:66) ~[spring-boot-actuator-3.3.4.jar:3.3.4]
	at java.base/jdk.internal.reflect.NativeMethodAccessorImpl.invoke0(Native Method) ~[na:na]
	at java.base/jdk.internal.reflect.NativeMethodAccessorImpl.invoke(NativeMethodAccessorImpl.java:77) ~[na:na]
	at java.base/jdk.internal.reflect.DelegatingMethodAccessorImpl.invoke(DelegatingMethodAccessorImpl.java:43) ~[na:na]
	at java.base/java.lang.reflect.Method.invoke(Method.java:569) ~[na:na]
	at org.springframework.util.ReflectionUtils.invokeMethod(ReflectionUtils.java:281) ~[spring-core-6.1.13.jar:6.1.13]
	at org.springframework.boot.actuate.endpoint.invoke.reflect.ReflectiveOperationInvoker.invoke(ReflectiveOperationInvoker.java:74) ~[spring-boot-actuator-3.3.4.jar:3.3.4]
	at org.springframework.boot.actuate.endpoint.annotation.AbstractDiscoveredOperation.invoke(AbstractDiscoveredOperation.java:60) ~[spring-boot-actuator-3.3.4.jar:3.3.4]
	at org.springframework.boot.actuate.endpoint.jmx.EndpointMBean.invoke(EndpointMBean.java:124) ~[spring-boot-actuator-3.3.4.jar:3.3.4]
	at org.springframework.boot.actuate.endpoint.jmx.EndpointMBean.invoke(EndpointMBean.java:97) ~[spring-boot-actuator-3.3.4.jar:3.3.4]
	at java.management/com.sun.jmx.interceptor.DefaultMBeanServerInterceptor.invoke(DefaultMBeanServerInterceptor.java:814) ~[na:na]
	at java.management/com.sun.jmx.mbeanserver.JmxMBeanServer.invoke(JmxMBeanServer.java:802) ~[na:na]
	at java.management.rmi/javax.management.remote.rmi.RMIConnectionImpl.doOperation(RMIConnectionImpl.java:1472) ~[na:na]
	at java.management.rmi/javax.management.remote.rmi.RMIConnectionImpl$PrivilegedOperation.run(RMIConnectionImpl.java:1310) ~[na:na]
	at java.management.rmi/javax.management.remote.rmi.RMIConnectionImpl.doPrivilegedOperation(RMIConnectionImpl.java:1405) ~[na:na]
	at java.management.rmi/javax.management.remote.rmi.RMIConnectionImpl.invoke(RMIConnectionImpl.java:829) ~[na:na]
	at java.base/jdk.internal.reflect.GeneratedMethodAccessor76.invoke(Unknown Source) ~[na:na]
	at java.base/jdk.internal.reflect.DelegatingMethodAccessorImpl.invoke(DelegatingMethodAccessorImpl.java:43) ~[na:na]
	at java.base/java.lang.reflect.Method.invoke(Method.java:569) ~[na:na]
	at java.rmi/sun.rmi.server.UnicastServerRef.dispatch(UnicastServerRef.java:360) ~[na:na]
	at java.rmi/sun.rmi.transport.Transport$1.run(Transport.java:200) ~[na:na]
	at java.rmi/sun.rmi.transport.Transport$1.run(Transport.java:197) ~[na:na]
	at java.base/java.security.AccessController.doPrivileged(AccessController.java:712) ~[na:na]
	at java.rmi/sun.rmi.transport.Transport.serviceCall(Transport.java:196) ~[na:na]
	at java.rmi/sun.rmi.transport.tcp.TCPTransport.handleMessages(TCPTransport.java:587) ~[na:na]
	at java.rmi/sun.rmi.transport.tcp.TCPTransport$ConnectionHandler.run0(TCPTransport.java:828) ~[na:na]
	at java.rmi/sun.rmi.transport.tcp.TCPTransport$ConnectionHandler.lambda$run$0(TCPTransport.java:705) ~[na:na]
	at java.base/java.security.AccessController.doPrivileged(AccessController.java:399) ~[na:na]
	at java.rmi/sun.rmi.transport.tcp.TCPTransport$ConnectionHandler.run(TCPTransport.java:704) ~[na:na]
	at java.base/java.util.concurrent.ThreadPoolExecutor.runWorker(ThreadPoolExecutor.java:1136) ~[na:na]
	at java.base/java.util.concurrent.ThreadPoolExecutor$Worker.run(ThreadPoolExecutor.java:635) ~[na:na]
	at java.base/java.lang.Thread.run(Thread.java:840) ~[na:na]
Caused by: io.lettuce.core.RedisConnectionException: Unable to connect to localhost/<unresolved>:6379
	at io.lettuce.core.RedisConnectionException.create(RedisConnectionException.java:78) ~[lettuce-core-6.3.2.RELEASE.jar:6.3.2.RELEASE/8941aea]
	at io.lettuce.core.RedisConnectionException.create(RedisConnectionException.java:56) ~[lettuce-core-6.3.2.RELEASE.jar:6.3.2.RELEASE/8941aea]
	at io.lettuce.core.AbstractRedisClient.getConnection(AbstractRedisClient.java:350) ~[lettuce-core-6.3.2.RELEASE.jar:6.3.2.RELEASE/8941aea]
	at io.lettuce.core.RedisClient.connect(RedisClient.java:215) ~[lettuce-core-6.3.2.RELEASE.jar:6.3.2.RELEASE/8941aea]
	at org.springframework.data.redis.connection.lettuce.StandaloneConnectionProvider.lambda$getConnection$1(StandaloneConnectionProvider.java:112) ~[spring-data-redis-3.3.4.jar:3.3.4]
	at java.base/java.util.Optional.orElseGet(Optional.java:364) ~[na:na]
	at org.springframework.data.redis.connection.lettuce.StandaloneConnectionProvider.getConnection(StandaloneConnectionProvider.java:112) ~[spring-data-redis-3.3.4.jar:3.3.4]
	at org.springframework.data.redis.connection.lettuce.LettuceConnectionFactory$ExceptionTranslatingConnectionProvider.getConnection(LettuceConnectionFactory.java:1778) ~[spring-data-redis-3.3.4.jar:3.3.4]
	... 54 common frames omitted
Caused by: io.netty.channel.AbstractChannel$AnnotatedConnectException: Connection refused: getsockopt: localhost/127.0.0.1:6379
Caused by: java.net.ConnectException: Connection refused: getsockopt
	at java.base/sun.nio.ch.Net.pollConnect(Native Method) ~[na:na]
	at java.base/sun.nio.ch.Net.pollConnectNow(Net.java:672) ~[na:na]
	at java.base/sun.nio.ch.SocketChannelImpl.finishConnect(SocketChannelImpl.java:946) ~[na:na]
	at io.netty.channel.socket.nio.NioSocketChannel.doFinishConnect(NioSocketChannel.java:336) ~[netty-transport-4.1.113.Final.jar:4.1.113.Final]
	at io.netty.channel.nio.AbstractNioChannel$AbstractNioUnsafe.finishConnect(AbstractNioChannel.java:339) ~[netty-transport-4.1.113.Final.jar:4.1.113.Final]
	at io.netty.channel.nio.NioEventLoop.processSelectedKey(NioEventLoop.java:776) ~[netty-transport-4.1.113.Final.jar:4.1.113.Final]
	at io.netty.channel.nio.NioEventLoop.processSelectedKeysOptimized(NioEventLoop.java:724) ~[netty-transport-4.1.113.Final.jar:4.1.113.Final]
	at io.netty.channel.nio.NioEventLoop.processSelectedKeys(NioEventLoop.java:650) ~[netty-transport-4.1.113.Final.jar:4.1.113.Final]
	at io.netty.channel.nio.NioEventLoop.run(NioEventLoop.java:562) ~[netty-transport-4.1.113.Final.jar:4.1.113.Final]
	at io.netty.util.concurrent.SingleThreadEventExecutor$4.run(SingleThreadEventExecutor.java:997) ~[netty-common-4.1.113.Final.jar:4.1.113.Final]
	at io.netty.util.internal.ThreadExecutorMap$2.run(ThreadExecutorMap.java:74) ~[netty-common-4.1.113.Final.jar:4.1.113.Final]
	at io.netty.util.concurrent.FastThreadLocalRunnable.run(FastThreadLocalRunnable.java:30) ~[netty-common-4.1.113.Final.jar:4.1.113.Final]
	at java.base/java.lang.Thread.run(Thread.java:840) ~[na:na]

2026-01-27T01:45:26.224+09:00  INFO 27564 --- [scheduling-1] c.p.f.c.c.HibernateStatisticsConfig      : === Hibernate 통계 정보 ===
2026-01-27T01:45:26.224+09:00  INFO 27564 --- [scheduling-1] c.p.f.c.c.HibernateStatisticsConfig      : 총 쿼리 실행 횟수: 3
2026-01-27T01:45:26.224+09:00  INFO 27564 --- [scheduling-1] c.p.f.c.c.HibernateStatisticsConfig      : 총 쿼리 실행 시간: 212ms
2026-01-27T01:45:26.224+09:00  INFO 27564 --- [scheduling-1] c.p.f.c.c.HibernateStatisticsConfig      : 평균 쿼리 실행 시간: 70ms
2026-01-27T01:45:26.224+09:00  INFO 27564 --- [scheduling-1] c.p.f.c.c.HibernateStatisticsConfig      : 총 엔티티 로드 횟수: 3337
2026-01-27T01:45:26.224+09:00  INFO 27564 --- [scheduling-1] c.p.f.c.c.HibernateStatisticsConfig      : 총 엔티티 페치 횟수: 0
2026-01-27T01:45:26.226+09:00  INFO 27564 --- [scheduling-1] c.p.f.c.c.HibernateStatisticsConfig      : 총 컬렉션 로드 횟수: 0
2026-01-27T01:45:26.226+09:00  INFO 27564 --- [scheduling-1] c.p.f.c.c.HibernateStatisticsConfig      : 총 컬렉션 페치 횟수: 0
2026-01-27T01:45:26.226+09:00  INFO 27564 --- [scheduling-1] c.p.f.c.c.HibernateStatisticsConfig      : 총 세션 열기 횟수: 159
2026-01-27T01:45:26.226+09:00  INFO 27564 --- [scheduling-1] c.p.f.c.c.HibernateStatisticsConfig      : 총 세션 닫기 횟수: 159
2026-01-27T01:45:26.226+09:00  INFO 27564 --- [scheduling-1] c.p.f.c.c.HibernateStatisticsConfig      : 총 트랜잭션 횟수: 3
2026-01-27T01:45:26.226+09:00  INFO 27564 --- [scheduling-1] c.p.f.c.c.HibernateStatisticsConfig      : 총 성공한 트랜잭션 횟수: 3
2026-01-27T01:45:26.226+09:00  INFO 27564 --- [scheduling-1] c.p.f.c.c.HibernateStatisticsConfig      : 연결 횟수: 3
2026-01-27T01:45:26.226+09:00  INFO 27564 --- [scheduling-1] c.p.f.c.c.HibernateStatisticsConfig      : 준비된 문장 캐시 히트: 0
2026-01-27T01:45:26.226+09:00  INFO 27564 --- [scheduling-1] c.p.f.c.c.HibernateStatisticsConfig      : 준비된 문장 캐시 미스: 37
2026-01-27T01:45:26.228+09:00  INFO 27564 --- [scheduling-1] c.p.f.c.c.HibernateStatisticsConfig      : 실행된 고유 쿼리 수: 40
2026-01-27T01:45:26.228+09:00  INFO 27564 --- [scheduling-1] c.p.f.c.c.HibernateStatisticsConfig      : ========================
2026-01-27T01:50:26.219+09:00  INFO 27564 --- [scheduling-1] c.p.f.c.c.HibernateStatisticsConfig      : === Hibernate 통계 정보 ===
2026-01-27T01:50:26.219+09:00  INFO 27564 --- [scheduling-1] c.p.f.c.c.HibernateStatisticsConfig      : 총 쿼리 실행 횟수: 3
2026-01-27T01:50:26.219+09:00  INFO 27564 --- [scheduling-1] c.p.f.c.c.HibernateStatisticsConfig      : 총 쿼리 실행 시간: 212ms
2026-01-27T01:50:26.219+09:00  INFO 27564 --- [scheduling-1] c.p.f.c.c.HibernateStatisticsConfig      : 평균 쿼리 실행 시간: 70ms
2026-01-27T01:50:26.219+09:00  INFO 27564 --- [scheduling-1] c.p.f.c.c.HibernateStatisticsConfig      : 총 엔티티 로드 횟수: 3337
2026-01-27T01:50:26.219+09:00  INFO 27564 --- [scheduling-1] c.p.f.c.c.HibernateStatisticsConfig      : 총 엔티티 페치 횟수: 0
2026-01-27T01:50:26.219+09:00  INFO 27564 --- [scheduling-1] c.p.f.c.c.HibernateStatisticsConfig      : 총 컬렉션 로드 횟수: 0
2026-01-27T01:50:26.219+09:00  INFO 27564 --- [scheduling-1] c.p.f.c.c.HibernateStatisticsConfig      : 총 컬렉션 페치 횟수: 0
2026-01-27T01:50:26.219+09:00  INFO 27564 --- [scheduling-1] c.p.f.c.c.HibernateStatisticsConfig      : 총 세션 열기 횟수: 159
2026-01-27T01:50:26.219+09:00  INFO 27564 --- [scheduling-1] c.p.f.c.c.HibernateStatisticsConfig      : 총 세션 닫기 횟수: 159
2026-01-27T01:50:26.219+09:00  INFO 27564 --- [scheduling-1] c.p.f.c.c.HibernateStatisticsConfig      : 총 트랜잭션 횟수: 3
2026-01-27T01:50:26.219+09:00  INFO 27564 --- [scheduling-1] c.p.f.c.c.HibernateStatisticsConfig      : 총 성공한 트랜잭션 횟수: 3
2026-01-27T01:50:26.222+09:00  INFO 27564 --- [scheduling-1] c.p.f.c.c.HibernateStatisticsConfig      : 연결 횟수: 3
2026-01-27T01:50:26.222+09:00  INFO 27564 --- [scheduling-1] c.p.f.c.c.HibernateStatisticsConfig      : 준비된 문장 캐시 히트: 0
2026-01-27T01:50:26.222+09:00  INFO 27564 --- [scheduling-1] c.p.f.c.c.HibernateStatisticsConfig      : 준비된 문장 캐시 미스: 37
2026-01-27T01:50:26.222+09:00  INFO 27564 --- [scheduling-1] c.p.f.c.c.HibernateStatisticsConfig      : 실행된 고유 쿼리 수: 40
2026-01-27T01:50:26.222+09:00  INFO 27564 --- [scheduling-1] c.p.f.c.c.HibernateStatisticsConfig      : ========================
2026-01-27T01:55:26.221+09:00  INFO 27564 --- [scheduling-1] c.p.f.c.c.HibernateStatisticsConfig      : === Hibernate 통계 정보 ===
2026-01-27T01:55:26.222+09:00  INFO 27564 --- [scheduling-1] c.p.f.c.c.HibernateStatisticsConfig      : 총 쿼리 실행 횟수: 3
2026-01-27T01:55:26.222+09:00  INFO 27564 --- [scheduling-1] c.p.f.c.c.HibernateStatisticsConfig      : 총 쿼리 실행 시간: 212ms
2026-01-27T01:55:26.222+09:00  INFO 27564 --- [scheduling-1] c.p.f.c.c.HibernateStatisticsConfig      : 평균 쿼리 실행 시간: 70ms
2026-01-27T01:55:26.222+09:00  INFO 27564 --- [scheduling-1] c.p.f.c.c.HibernateStatisticsConfig      : 총 엔티티 로드 횟수: 3337
2026-01-27T01:55:26.222+09:00  INFO 27564 --- [scheduling-1] c.p.f.c.c.HibernateStatisticsConfig      : 총 엔티티 페치 횟수: 0
2026-01-27T01:55:26.222+09:00  INFO 27564 --- [scheduling-1] c.p.f.c.c.HibernateStatisticsConfig      : 총 컬렉션 로드 횟수: 0
2026-01-27T01:55:26.222+09:00  INFO 27564 --- [scheduling-1] c.p.f.c.c.HibernateStatisticsConfig      : 총 컬렉션 페치 횟수: 0
2026-01-27T01:55:26.222+09:00  INFO 27564 --- [scheduling-1] c.p.f.c.c.HibernateStatisticsConfig      : 총 세션 열기 횟수: 159
2026-01-27T01:55:26.222+09:00  INFO 27564 --- [scheduling-1] c.p.f.c.c.HibernateStatisticsConfig      : 총 세션 닫기 횟수: 159
2026-01-27T01:55:26.222+09:00  INFO 27564 --- [scheduling-1] c.p.f.c.c.HibernateStatisticsConfig      : 총 트랜잭션 횟수: 3
2026-01-27T01:55:26.222+09:00  INFO 27564 --- [scheduling-1] c.p.f.c.c.HibernateStatisticsConfig      : 총 성공한 트랜잭션 횟수: 3
2026-01-27T01:55:26.222+09:00  INFO 27564 --- [scheduling-1] c.p.f.c.c.HibernateStatisticsConfig      : 연결 횟수: 3
2026-01-27T01:55:26.222+09:00  INFO 27564 --- [scheduling-1] c.p.f.c.c.HibernateStatisticsConfig      : 준비된 문장 캐시 히트: 0
2026-01-27T01:55:26.222+09:00  INFO 27564 --- [scheduling-1] c.p.f.c.c.HibernateStatisticsConfig      : 준비된 문장 캐시 미스: 37
2026-01-27T01:55:26.222+09:00  INFO 27564 --- [scheduling-1] c.p.f.c.c.HibernateStatisticsConfig      : 실행된 고유 쿼리 수: 40
2026-01-27T01:55:26.222+09:00  INFO 27564 --- [scheduling-1] c.p.f.c.c.HibernateStatisticsConfig      : ========================
2026-01-27T01:55:47.082+09:00  INFO 27564 --- [SpringApplicationShutdownHook] j.LocalContainerEntityManagerFactoryBean : Closing JPA EntityManagerFactory for persistence unit 'default'
2026-01-27T01:55:47.089+09:00  INFO 27564 --- [SpringApplicationShutdownHook] com.zaxxer.hikari.HikariDataSource       : HikariPool-1 - Shutdown initiated...
2026-01-27T01:55:47.108+09:00  INFO 27564 --- [SpringApplicationShutdownHook] com.zaxxer.hikari.HikariDataSource       : HikariPool-1 - Shutdown completed.
